Calendar_Year,Blind_Model,n,claims
2005,K.78,6132,41
2005,Q.22,35141,270
2005,AR.41,18719,174
2006,AR.41,18868,196
2005,D.20,4573,27
2006,D.20,5446,23
2006,AJ.129,50803,342
2006,AQ.17,44018,263
2005,AQ.17,42684,278
2005,BW.3,37903,215
2006,BW.3,37752,195
2005,BW.167,19098,136
2006,BW.167,23639,158
2005,Y.9,47236,383
2006,Y.9,44970,372
2005,BH.29,7850,85
2006,BH.29,7945,77
2005,BW.49,13909,75
2005,BP.23,4862,41
2005,K.3,32785,249
2005,K.2,21362,174
2006,K.2,24834,221
2005,K.68,1481,10
2006,N.8,6036,30
2005,N.8,4215,34
2006,P.35,5133,39
2005,P.35,4257,31
2005,W.16,71462,541
2006,W.16,78842,523
2006,AI.23,2013,14
2005,AJ.32,1820,17
2006,BO.44,18379,175
2005,AI.23,1544,15
2005,BO.44,18135,165
2005,AF.8,2377,9
2006,AL.31,1696,11
2005,AF.21,1037,4
2005,AL.31,1551,10
2005,P.33,5453,44
2005,K.13,14552,146
2006,X.38,49744,421
2005,X.38,47898,416
2005,AU.11,64024,587
2006,AU.11,69421,601
2005,AU.68,2518,18
2006,AU.68,4316,28
2005,K.7,180325,1642
2006,K.7,201885,1723
2005,R.30,18658,125
2005,AJ.58,53489,452
2006,AJ.58,54049,439
2005,BW.156,22319,166
2006,BW.156,23113,158
2005,Y.29,34217,242
2006,Y.29,45350,315
2006,BH.11,4550,32
2005,BH.11,4176,33
2006,AO.1,39637,356
2006,Q.22,36260,262
2005,BW.176,12350,94
2005,AJ.40,41068,412
2005,AU.14,86928,802
2005,X.45,93766,750
2005,BW.115,33029,174
2006,Q.3,14651,139
2005,Q.3,15851,130
2006,AJ.40,44700,371
2005,X.24,31852,303
2006,X.24,38517,335
2005,BO.38,59177,375
2006,BO.38,66029,400
2005,AJ.15,2241,7
2006,AJ.15,2308,9
2005,K.65,31601,232
2006,AJ.59,10648,88
2005,AJ.59,6931,52
2006,K.65,40685,230
2005,BH.18,30876,331
2006,BH.18,32328,323
2005,L.29,34173,225
2006,L.29,38823,296
2005,P.23,6304,66
2006,P.23,6412,45
2005,AJ.122,33486,267
2005,BT.63,11389,84
2005,BW.112,14746,124
2005,AY.23,2101,14
2005,AU.34,4641,34
2005,L.49,17061,143
2005,O.19,4791,48
2005,R.20,11091,78
2005,AJ.5,4440,28
2005,AU.58,46748,463
2005,BT.11,2420,15
2005,R.23,12836,74
2005,AH.7,8269,75
2005,BH.7,5145,43
2005,K.62,7117,47
2005,X.3,18414,160
2005,BO.53,9424,70
2005,BW.95,36034,242
2005,BP.18,2152,16
2005,W.28,40024,261
2005,Y.34,43082,361
2005,AO.1,36994,311
2005,AR.17,1864,10
2005,AX.2,2801,25
2005,AJ.48,19292,158
2005,AU.25,5224,44
2005,W.20,8552,76
2005,I.3,1658,6
2005,K.74,6953,55
2005,BO.65,1398,10
2005,BO.71,1414,8
2005,AL.42,5131,28
2005,Y.42,23639,154
2005,BO.3,4400,19
2005,K.52,3758,30
2005,W.4,32720,202
2006,X.45,98825,792
2005,AJ.42,7954,64
2006,AJ.42,8960,73
2006,AJ.122,34723,275
2006,AJ.48,24357,195
2005,BW.125,1908,10
2006,BO.36,29773,266
2005,D.25,31343,183
2005,AI.20,5811,50
2005,AH.119,2571,13
2006,AH.119,3472,27
2005,AH.100,1344,10
2006,AH.100,2778,20
2005,AU.54,20359,156
2006,N.7,4610,37
2005,N.7,4606,35
2005,K.31,3898,30
2006,AL.49,4422,27
2005,AL.49,3520,15
2006,W.28,43566,249
2006,BB.12,2144,12
2006,K.3,36987,257
2006,I.3,1594,8
2006,X.3,17709,130
2006,Y.34,49877,373
2005,K.92,3119,18
2006,AH.137,464,4
2005,AH.137,303,1
2005,Y.4,20392,138
2006,Y.4,19909,129
2005,BH.20,7012,81
2005,I.29,3502,38
2005,J.4,1879,12
2005,Y.10,41851,389
2005,AI.2,4098,17
2005,BO.52,21247,207
2005,AJ.129,50021,351
2005,BF.10,4143,34
2005,AJ.76,7844,53
2005,AJ.54,21705,87
2005,BW.5,1715,12
2005,AJ.38,11524,117
2005,AO.28,4538,39
2005,BU.5,6956,55
2005,AR.16,6101,48
2005,L.28,12361,81
2005,X.9,21784,177
2005,K.34,10739,68
2005,AU.77,12356,116
2005,BF.36,33483,343
2005,X.12,11260,76
2005,AJ.64,3667,28
2005,D.1,1168,17
2005,D.7,104,0
2005,BW.48,7131,44
2005,AO.7,52499,512
2006,AJ.14,18321,97
2006,X.52,6784,45
2006,AJ.52,53660,347
2005,BN.3,3556,36
2006,BN.3,4276,33
2006,AU.8,1727,9
2005,P.10,596,3
2005,BP.17,4148,38
2006,BP.17,4364,48
2005,BW.131,2180,17
2006,BW.131,2510,11
2006,D.25,31689,221
2005,I.14,4140,26
2006,M.16,45169,339
2006,AU.14,101774,885
2006,AJ.76,8070,54
2006,AJ.32,1829,11
2006,P.33,5642,44
2006,R.30,21360,140
2006,AU.77,14643,117
2006,AO.7,57247,543
2006,O.23,6115,43
2006,I.14,4197,29
2006,AJ.38,11709,116
2005,AJ.52,53592,344
2006,X.40,3768,12
2005,Q.43,14757,107
2005,BO.35,11489,116
2005,M.16,45809,365
2005,K.86,8993,78
2005,BO.36,26800,228
2005,K.4,1200,7
2005,AH.68,3341,36
2005,BW.168,10678,70
2005,R.15,2956,25
2005,BU.1,3071,13
2005,L.26,21742,165
2005,BT.43,14022,81
2005,AU.27,9276,92
2005,AC.1,945,8
2005,BW.126,7682,47
2005,BW.57,1304,4
2005,AH.164,8195,59
2005,BW.107,5027,26
2005,AJ.112,3232,17
2005,K.75,3732,24
2005,AJ.49,17387,113
2005,AL.24,2965,23
2005,BD.3,3168,15
2005,J.7,2774,10
2005,W.3,8341,71
2005,X.49,9947,55
2005,AH.75,4343,25
2005,BT.16,240,1
2005,BT.69,6283,21
2005,AN.2,8948,86
2005,BW.42,6469,57
2005,AJ.77,16062,102
2005,AL.88,1780,8
2005,AX.4,13920,126
2005,Q.40,5685,42
2006,K.62,8483,49
2005,AL.14,11997,69
2006,BO.52,22742,188
2006,AQ.20,7134,49
2005,BY.10,554,3
2005,AQ.20,6545,37
2006,AR.45,2554,18
2005,BV.3,5144,34
2005,BF.42,4240,30
2006,BW.159,3240,15
2005,BW.159,3166,13
2005,Y.32,32482,273
2006,Y.32,31333,221
2006,J.4,1942,18
2005,AR.1,4772,28
2006,AR.1,8432,63
2006,BW.176,15566,109
2006,R.24,2872,16
2006,Y.10,41812,368
2006,BW.112,17747,126
2005,K.80,11249,107
2006,K.80,12815,119
2005,AH.168,6368,56
2006,AH.168,8120,48
2006,BW.115,37717,228
2005,BW.166,4534,32
2006,BW.166,4466,39
2006,D.1,1371,11
2005,N.25,3136,16
2006,N.25,3181,19
2006,BW.95,35799,227
2005,K.60,12077,99
2005,O.23,3695,20
2005,W.18,60,0
2005,AH.107,1933,14
2005,BO.15,5462,24
2005,I.12,292,2
2005,BB.10,598,4
2005,BV.11,5670,39
2005,AH.125,2616,15
2005,K.1,772,3
2005,AL.16,3345,18
2005,AZ.21,2935,24
2005,AI.11,161,1
2005,BU.36,7916,65
2005,M.18,7397,53
2005,AU.49,11107,68
2005,K.57,3475,26
2005,BV.6,3723,23
2005,P.2,17343,159
2005,BV.20,7267,66
2005,BU.20,3830,25
2005,BW.96,21241,183
2005,?,2441,12
2005,K.70,355,1
2005,L.14,12431,86
2005,BU.38,14880,93
2005,BV.17,2621,13
2005,AI.4,2712,27
2005,X.57,1554,3
2005,BT.49,2892,15
2005,O.10,12872,112
2005,AU.43,674,2
2005,AU.40,27235,209
2005,BZ.33,808,3
2005,BW.37,796,6
2005,BW.22,2089,18
2005,AH.77,999,8
2005,AW.1,1655,12
2005,AJ.35,26471,192
2005,N.17,2426,12
2005,AI.5,186,1
2005,AH.106,4400,33
2005,AI.12,1593,14
2005,AL.33,2893,17
2005,AJ.1,742,1
2005,Y.5,2077,11
2005,AN.16,6007,73
2005,G.8,2116,17
2005,P.24,3766,22
2005,D.6,7575,56
2005,AR.5,5376,46
2005,AH.8,7520,48
2005,K.40,6810,50
2005,BT.50,2178,16
2005,AR.2,1787,8
2005,BZ.9,1594,22
2005,BZ.11,1696,13
2005,AV.1,4596,40
2005,BW.132,7746,43
2005,BW.157,21948,146
2005,AO.20,4402,33
2005,BV.8,15935,141
2005,AJ.7,7510,42
2005,K.15,1077,9
2005,BW.178,3345,20
2005,AJ.9,9188,44
2005,AH.70,5886,49
2005,Z.27,250,4
2005,BW.32,1254,6
2005,AI.17,6438,31
2005,BW.174,2358,28
2005,BF.39,1812,11
2005,BO.47,12961,95
2005,X.1,1762,10
2005,X.52,8235,43
2005,K.39,5219,31
2005,AL.53,69,1
2005,BO.58,3615,34
2005,AO.13,1944,15
2005,K.82,8547,58
2005,AH.118,428,1
2005,AV.10,11366,118
2005,BO.67,260,0
2005,BO.69,1846,11
2005,AI.15,328,0
2005,AH.81,1843,9
2005,AU.69,1834,10
2005,AJ.88,1601,8
2005,K.50,8038,38
2005,AR.35,10244,57
2005,BP.20,434,8
2005,AH.6,5046,15
2005,BW.36,6490,46
2005,R.24,2142,9
2005,AZ.32,354,5
2005,BF.35,3292,22
2005,L.56,1966,6
2005,P.13,3830,16
2005,P.20,110,0
2005,G.6,296,1
2005,Z.38,9360,76
2005,K.81,16255,104
2005,BW.40,4168,19
2005,BW.43,7131,42
2005,W.5,2609,6
2005,BV.24,15660,107
2005,AJ.17,7927,79
2005,AJ.14,18240,118
2005,L.15,932,4
2005,AH.69,7116,55
2005,Y.38,2208,14
2005,BT.72,3219,9
2005,AL.72,2520,12
2005,I.41,910,3
2005,I.24,1242,11
2005,BW.160,12437,75
2005,BT.10,1350,4
2005,BP.6,6702,49
2005,AO.6,2148,17
2005,BW.149,182,3
2005,BW.183,900,1
2005,AR.14,3382,31
2005,AQ.39,6486,42
2005,Y.36,3376,29
2005,D.11,1214,10
2005,AV.11,176,0
2005,K.11,2166,9
2005,BW.34,2509,12
2005,AY.13,220,3
2005,BP.8,5623,52
2005,BW.9,334,3
2005,K.10,9615,76
2005,Y.21,2950,21
2005,BF.31,776,6
2005,BB.3,2119,15
2005,R.48,2520,17
2005,J.6,3904,25
2005,AF.24,4274,30
2005,K.69,781,7
2005,R.27,2612,8
2005,BU.29,2137,8
2005,AO.25,2584,16
2005,X.40,1543,6
2005,L.6,3169,17
2005,AO.33,2047,9
2005,AR.37,1333,7
2005,AO.11,2743,19
2005,AZ.26,1922,22
2005,BV.9,4542,25
2005,AR.45,2038,11
2005,BG.4,1827,4
2005,AJ.82,30,0
2005,K.51,8453,57
2005,AJ.89,2599,19
2005,BO.18,370,0
2005,AU.1,3637,25
2005,BW.92,6662,70
2005,BG.19,2705,2
2005,P.36,4794,34
2005,AR.3,1113,7
2005,AH.39,520,4
2005,BO.39,1421,9
2005,AZ.34,175,3
2005,G.4,266,4
2005,BW.13,5626,17
2005,BH.22,588,8
2005,BZ.36,628,4
2005,AQ.31,2696,13
2005,P.18,4540,39
2005,BT.73,2727,9
2005,AR.11,926,4
2005,BO.60,1729,10
2005,AN.11,9327,74
2005,R.10,247,4
2005,BO.20,1330,2
2005,J.10,1891,9
2005,AU.2,3759,38
2005,AL.73,923,7
2005,X.25,4031,33
2005,AJ.123,23580,136
2005,M.19,3885,20
2005,AZ.17,686,7
2005,K.79,3902,21
2005,BV.33,1723,11
2005,K.44,2053,13
2005,BP.24,5729,35
2005,AC.3,2486,30
2005,U.7,236,1
2005,AJ.44,1525,3
2005,AL.46,3899,30
2005,BU.3,2126,15
2005,AJ.43,4481,21
2005,K.76,525,6
2005,AU.16,2220,15
2005,BW.154,709,4
2005,BW.66,1442,6
2005,BF.44,3822,36
2005,AJ.29,13518,75
2005,BB.6,1497,9
2005,L.20,2373,9
2005,CB.2,14,0
2005,E.9,65,0
2005,BV.4,483,2
2005,M.13,8422,72
2005,AY.37,4357,27
2005,AL.5,1585,9
2005,I.18,1549,11
2005,BV.21,573,2
2005,AR.43,296,2
2005,AF.4,866,4
2005,P.34,7613,52
2005,P.45,1752,10
2005,BF.29,768,2
2005,AH.170,351,2
2005,AL.13,981,4
2005,K.63,5505,26
2005,AY.30,6604,40
2005,BH.12,1785,12
2005,N.26,755,14
2005,BO.98,369,1
2005,AL.45,586,5
2005,AL.23,916,8
2005,K.17,297,2
2005,AO.12,2318,26
2005,R.32,3010,13
2005,BT.31,1000,3
2005,AH.101,2108,10
2005,BD.2,1828,17
2005,R.12,280,1
2005,BO.104,201,1
2005,Y.11,1838,13
2005,BO.72,2740,26
2005,BU.35,6392,49
2005,AR.18,478,1
2005,Q.15,643,1
2005,K.20,1281,3
2005,Y.1,1900,16
2005,AH.2,341,1
2005,AJ.30,144,0
2005,BW.129,617,7
2005,Y.46,138,2
2005,AC.4,1550,15
2005,Z.39,368,4
2005,AL.67,29,0
2005,AL.110,50,0
2005,AL.64,227,0
2005,BZ.28,695,4
2005,L.3,1625,8
2006,L.3,1270,5
2006,BW.43,8732,46
2005,AR.40,483,3
2006,AR.40,434,1
2006,BW.157,24038,140
2006,AN.11,11662,73
2006,W.20,10345,111
2006,BT.43,15697,80
2006,BU.35,6462,52
2006,BT.73,3290,9
2006,AU.27,10609,116
2006,Y.36,5368,70
2006,K.78,7926,53
2006,AH.75,4437,24
2006,BH.12,2478,15
2006,BU.3,4178,21
2006,AJ.49,22971,144
2006,BF.36,35066,399
2006,BW.40,3530,29
2006,AH.76,1588,8
2006,L.28,11642,96
2006,AU.58,51267,507
2005,AO.10,795,2
2005,D.21,5452,41
2006,K.68,1451,2
2006,BW.48,7847,44
2006,AN.2,9473,94
2005,AL.6,1050,11
2006,AL.6,997,9
2006,R.27,7506,49
2006,AJ.113,2393,10
2006,O.19,5779,72
2006,K.86,10078,74
2005,AL.71,1300,9
2006,AL.71,1338,7
2006,K.34,13782,87
2006,AR.16,6116,38
2006,M.13,8014,62
2006,BH.20,8331,99
2006,AU.49,10691,50
2006,R.23,13943,88
2005,BY.4,3842,17
2006,BY.4,5052,26
2006,AJ.64,3943,31
2006,K.39,5411,49
2005,BZ.14,3137,28
2006,BZ.14,3502,21
2006,BV.6,3349,30
2006,BU.5,7406,68
2006,AO.20,5983,29
2006,D.21,6309,47
2005,K.35,7871,56
2006,K.35,10431,52
2006,AQ.39,5780,37
2006,Q.40,5222,44
2006,Y.42,25180,165
2006,AJ.112,5460,37
2005,BZ.16,3480,29
2006,BZ.16,4202,26
2006,BO.58,3682,33
2005,BT.29,88,0
2006,BT.29,78,3
2006,W.3,8222,65
2006,BO.60,2080,17
2005,BW.1,805,7
2006,AH.106,5210,37
2006,M.18,10686,79
2006,BB.10,613,6
2006,X.12,10380,55
2005,BO.11,200,1
2006,AV.1,3951,14
2006,BT.49,3281,27
2006,AH.8,7736,45
2006,AI.17,6286,21
2006,BO.47,16439,94
2006,BO.35,13262,115
2006,AJ.5,3805,22
2006,AU.2,3545,20
2005,O.11,4136,39
2006,BV.17,2363,8
2006,AL.16,3496,17
2006,AZ.17,627,7
2006,BW.5,1636,8
2006,X.28,4478,31
2006,AU.16,3729,29
2005,K.67,52,0
2006,K.67,47,1
2006,BU.36,10042,74
2006,K.92,5709,38
2006,I.16,1450,12
2005,I.16,1443,17
2006,K.81,17618,107
2005,K.93,2362,21
2006,K.93,3924,20
2006,BO.72,3280,18
2006,BV.11,5955,30
2006,BW.42,8135,63
2006,P.36,6045,30
2006,BP.6,8461,76
2006,AJ.77,17621,105
2006,AY.37,5105,30
2006,BO.15,5232,17
2005,G.10,1680,13
2006,G.10,1514,12
2006,Z.43,630,5
2006,AH.7,8269,72
2006,P.15,1478,13
2005,AR.36,1377,9
2006,AR.36,1271,10
2006,BW.49,13902,81
2006,BV.24,14902,83
2006,BP.8,6799,76
2005,AI.27,1061,8
2005,BO.88,382,2
2006,BF.18,1661,17
2006,BW.79,3236,11
2006,BT.63,13395,94
2006,BW.126,9894,45
2006,BU.38,16388,129
2006,BW.107,7964,28
2005,BW.79,489,0
2006,AZ.26,1748,13
2006,BO.3,4454,29
2006,Y.21,6593,46
2006,AX.4,12997,103
2006,AI.20,7595,59
2006,BT.69,7639,46
2005,BG.16,1017,0
2006,BG.16,1015,2
2006,BW.178,4049,24
2006,K.60,15649,111
2005,Z.43,639,6
2006,G.8,1808,20
2005,BT.1,169,1
2006,BT.1,164,0
2005,X.19,1748,5
2006,L.14,11886,60
2006,L.49,17576,138
2006,BP.23,6123,48
2006,AH.70,5963,31
2006,N.17,2634,21
2006,AC.4,1478,18
2006,AR.35,10821,80
2006,AL.14,14798,107
2006,BW.132,9261,44
2005,AH.18,741,9
2006,BV.13,695,7
2005,BV.13,872,4
2006,X.9,20435,174
2006,BZ.9,1506,11
2006,BW.1,823,4
2006,K.4,1125,14
2005,BW.17,4177,23
2006,BW.17,4161,18
2006,D.7,331,2
2006,D.6,8483,69
2006,AF.24,4948,32
2005,AX.1,4945,24
2006,K.10,11312,84
2006,BW.96,21596,144
2006,AZ.34,148,0
2006,AZ.32,288,1
2006,AR.5,4528,20
2006,BP.18,4068,30
2006,I.18,1577,10
2006,Q.43,14746,112
2005,BW.69,3677,13
2006,BW.69,5805,28
2006,AJ.43,5217,31
2005,BH.30,6627,70
2006,BH.30,6622,43
2006,AH.101,3542,9
2006,AL.63,174,3
2006,AL.33,3845,20
2006,D.11,982,0
2006,K.51,8163,41
2005,W.8,731,3
2006,W.8,693,4
2005,AU.37,42,0
2006,AU.37,36,0
2006,AJ.88,1666,9
2006,BO.20,1289,5
2006,K.40,8926,39
2006,BO.67,239,0
2006,BT.35,328,2
2005,BT.35,314,1
2005,L.31,2456,8
2005,M.8,1089,3
2006,M.8,1150,5
2006,BU.1,6616,33
2006,AU.54,23056,188
2006,BT.72,3747,14
2006,AL.23,851,3
2006,R.15,2935,14
2006,BO.69,1709,20
2006,N.26,797,7
2006,BO.65,1455,9
2006,AH.2,341,2
2006,AU.1,3444,31
2006,K.82,7765,51
2006,R.32,3475,12
2006,K.63,6714,44
2005,BN.2,218,1
2006,BN.2,251,0
2006,Z.5,368,6
2005,Z.5,292,1
2005,AZ.19,165,0
2006,AZ.19,168,1
2006,BV.8,16749,154
2006,BH.7,4957,36
2005,D.12,2669,12
2006,AH.164,10508,74
2006,AF.8,2296,13
2006,BO.53,10130,54
2006,AI.27,951,5
2006,AJ.89,2950,16
2006,BW.163,3939,23
2006,BH.42,147,0
2006,X.49,9402,62
2006,BZ.33,1078,5
2005,AR.20,771,5
2006,AR.20,809,5
2005,Z.1,943,9
2006,Z.1,887,5
2006,K.79,5331,35
2006,P.2,18477,116
2006,K.13,14067,118
2006,BV.3,4653,36
2006,P.13,5379,28
2006,AU.40,29863,202
2006,AU.69,2984,15
2006,W.5,2658,1
2006,BV.33,1537,3
2006,AJ.19,861,2
2006,AJ.9,8597,40
2006,AO.28,4534,34
2006,W.4,32926,219
2006,AL.45,530,1
2006,W.10,1221,6
2006,J.7,4210,15
2006,J.6,6653,41
2005,Q.36,3273,24
2006,Q.36,3051,21
2006,AV.12,103,0
2006,AU.34,7344,37
2005,L.57,3823,18
2006,AV.10,10779,115
2006,AJ.44,1411,7
2006,AR.2,2896,18
2006,BW.125,2243,15
2006,BW.92,6518,66
2006,AJ.7,6490,37
2006,BF.44,4179,35
2006,BG.19,2959,17
2006,K.57,3377,20
2006,L.20,6754,40
2006,AJ.55,1482,7
2005,BO.1,675,1
2006,AU.25,6678,50
2005,AZ.1,364,2
2006,AZ.1,1170,7
2006,BF.29,1206,2
2006,BW.174,2455,29
2006,R.20,10732,95
2006,Y.5,2135,5
2006,K.76,1232,11
2005,W.17,61,0
2006,W.17,68,0
2006,BY.10,647,1
2005,L.51,876,4
2006,BP.24,6272,37
2006,AH.118,509,3
2005,BW.164,8116,57
2006,BW.164,8131,39
2006,AU.35,7765,49
2005,AH.43,275,3
2006,AH.43,377,2
2006,O.11,4069,37
2006,AH.81,2046,11
2006,AR.25,851,1
2005,BF.22,947,5
2006,BF.22,766,3
2006,AL.73,1108,5
2006,P.24,4502,33
2005,BB.14,379,0
2006,BB.14,357,1
2006,BB.3,2129,20
2005,BB.12,1472,8
2006,BB.11,834,3
2006,K.31,4072,44
2006,K.74,7771,45
2006,K.96,1492,11
2005,K.96,1213,9
2006,Z.38,9320,82
2006,AQ.31,3499,13
2006,BW.168,11023,77
2006,BO.71,1729,11
2006,AN.16,6819,77
2006,AW.1,1523,4
2006,AH.77,826,6
2006,AC.3,2416,32
2006,L.19,850,1
2006,Z.39,379,5
2006,BO.39,1492,8
2006,AJ.35,29372,198
2006,BZ.11,2955,25
2006,AU.26,3469,16
2006,AF.23,239,1
2006,BD.2,3253,28
2005,BW.81,4273,28
2006,BW.36,6808,33
2006,AO.29,3231,18
2005,AO.29,467,0
2006,P.34,8128,65
2005,BH.13,1838,14
2006,BH.13,2404,14
2005,AQ.32,3394,23
2006,AL.24,3212,25
2006,BW.81,3766,10
2006,K.77,804,5
2006,AJ.29,16941,87
2005,P.1,583,6
2006,BG.4,1891,5
2006,K.33,1537,6
2006,BW.22,2130,12
2005,AJ.121,5823,30
2006,AJ.121,5810,17
2005,K.49,63,0
2006,K.49,59,0
2006,P.1,509,8
2006,AQ.32,3255,19
2006,AL.13,942,4
2005,L.43,505,3
2006,AO.6,2137,12
2006,D.12,2491,12
2006,AL.42,6165,34
2006,BT.50,2623,13
2006,AY.23,2156,19
2006,AJ.54,21766,83
2006,Y.1,3259,23
2006,AH.69,7036,47
2006,K.12,2258,13
2006,X.25,4639,37
2006,L.57,3517,15
2006,BF.39,1451,12
2006,AJ.17,8621,84
2006,AH.14,128,2
2005,BP.15,2839,25
2006,BP.15,3908,27
2006,BW.32,1238,5
2006,BW.150,434,1
2005,BW.150,387,2
2006,BT.4,302,0
2005,BW.60,1308,11
2006,BW.60,1782,19
2005,BT.15,622,3
2006,BT.15,613,4
2006,X.57,1650,2
2006,K.50,7810,33
2006,AH.107,2329,10
2006,L.26,20296,142
2005,Y.15,1010,6
2006,Y.15,758,3
2006,P.18,4938,41
2006,BW.58,1577,11
2006,Z.31,333,1
2006,BF.31,1689,9
2006,AH.68,3310,32
2006,AR.37,1256,15
2006,AH.18,793,6
2005,AJ.55,1031,3
2005,Y.40,975,8
2006,Y.40,973,3
2006,Y.38,3545,24
2006,Y.2,2248,11
2005,Y.2,1429,8
2006,AX.1,4413,13
2006,O.10,12486,116
2006,BZ.27,1824,8
2006,AI.4,2713,19
2005,I.11,714,6
2006,BV.9,4677,28
2006,AY.24,857,6
2005,BF.20,296,1
2006,BF.20,1967,9
2005,P.30,558,3
2006,P.30,590,6
2006,AL.46,4097,31
2005,BP.21,474,7
2006,AL.72,2686,9
2006,AZ.21,3544,20
2006,AO.12,2318,16
2005,AU.50,2317,21
2006,AU.50,2235,7
2006,D.2,1349,7
2006,AR.14,2885,20
2006,AO.25,2701,28
2006,AO.11,2474,11
2006,K.46,963,6
2005,P.9,904,3
2006,AN.3,738,4
2006,BF.10,3898,37
2005,X.2,718,9
2005,BW.77,625,7
2006,BW.77,792,4
2005,AU.36,370,3
2006,AU.36,322,3
2006,R.48,2898,12
2006,AQ.19,1780,10
2005,W.2,3135,22
2006,W.2,3089,19
2006,BW.160,11501,97
2006,AI.45,509,5
2005,AI.45,308,0
2006,BV.20,6843,60
2006,Q.15,1297,7
2006,AO.13,2946,28
2006,G.4,216,0
2005,BY.6,1579,5
2005,AZ.28,801,6
2006,AZ.28,736,7
2006,I.29,3679,26
2006,AO.33,2345,10
2006,BW.63,334,1
2006,K.75,4022,22
2005,AQ.4,878,1
2005,AH.76,1537,6
2005,AI.13,387,1
2006,AI.13,303,1
2005,K.61,12975,101
2006,K.61,17010,97
2006,BF.42,3575,15
2005,R.18,1013,9
2006,R.18,966,3
2006,X.19,1540,7
2006,R.17,2019,10
2005,R.17,2073,18
2006,K.44,1978,11
2005,BM.4,372,1
2006,BM.4,366,1
2006,BW.13,5602,19
2005,AO.16,265,1
2006,AO.16,199,1
2005,BZ.27,1926,11
2006,?,2883,16
2005,K.53,916,6
2006,Q.16,1013,7
2005,Q.16,508,4
2006,AO.5,706,7
2005,BR.3,426,1
2006,BO.76,352,1
2005,I.15,1500,9
2006,I.15,1560,9
2005,AL.70,195,1
2005,BY.12,1269,4
2006,AL.64,291,4
2005,BW.51,840,6
2005,BG.14,238,0
2005,AL.103,396,0
2005,Z.34,356,6
2005,AU.26,2652,15
2005,AM.4,16,0
2005,BB.11,849,10
2005,AV.16,1810,15
2005,L.13,1081,2
2005,AL.90,326,1
2005,BO.25,452,3
2005,AQ.16,569,2
2005,BT.13,913,3
2005,AT.1,63,0
2005,AO.5,468,2
2005,BZ.23,240,2
2005,BW.172,582,7
2005,L.35,205,2
2005,BU.31,1094,3
2005,AY.24,253,2
2005,Z.31,344,0
2005,AU.8,1129,5
2005,AL.99,44,0
2005,Z.8,478,2
2005,BV.19,4334,30
2005,AU.35,4812,28
2005,AH.50,2730,13
2005,AH.74,314,1
2005,AV.7,896,5
2005,AY.21,3,0
2005,BW.6,636,6
2005,AY.28,511,1
2005,AL.63,169,0
2005,AV.9,2147,24
2005,L.42,1325,8
2005,AZ.22,844,3
2005,K.19,160,0
2005,AH.14,155,0
2005,AY.64,788,6
2005,BW.72,363,1
2005,BV.10,126,0
2005,AH.83,689,4
2005,I.8,1072,6
2005,AL.101,925,4
2005,BT.14,259,0
2005,N.10,1240,4
2005,BW.63,337,3
2005,AJ.18,218,1
2005,AJ.117,408,1
2005,BO.32,6446,49
2005,K.28,1618,9
2005,BH.10,552,3
2005,AH.67,1288,17
2005,Q.2,703,5
2005,AJ.3,154,1
2005,I.33,612,4
2005,AL.75,95,0
2005,K.12,2419,12
2005,D.2,1066,3
2005,N.23,412,3
2006,AH.125,3043,17
2005,BW.124,5,0
2006,BW.124,4,0
2005,BT.23,202,0
2005,AN.12,1999,16
2006,I.41,1474,6
2006,L.56,1998,12
2006,BW.183,2347,9
2006,AN.12,2050,21
2006,I.24,2258,13
2006,W.30,236,0
2005,X.35,379,1
2005,BT.4,326,0
2006,BB.6,1592,11
2005,AH.122,156,1
2006,AH.122,193,0
2006,AL.88,1943,8
2005,BO.2,1154,4
2005,AC.2,951,4
2005,R.7,532,5
2005,R.38,15,0
2005,V.11,169,0
2005,AJ.113,1095,2
2005,X.28,285,0
2005,K.46,1012,2
2005,BW.76,85,1
2005,AZ.2,736,2
2005,AL.60,30,0
2005,BG.3,59,0
2005,AH.15,130,0
2005,K.77,358,2
2005,R.22,1618,12
2005,R.49,501,1
2005,AH.19,1611,11
2005,BT.18,232,0
2005,R.1,973,1
2005,D.24,125,1
2005,AL.105,287,0
2005,AJ.23,276,0
2005,X.41,409,0
2005,Q.27,454,2
2005,BT.28,197,2
2005,W.14,250,0
2005,L.7,787,6
2005,AJ.85,2094,6
2005,AW.4,550,7
2005,BW.186,17,0
2005,AD.1,117,0
2005,AL.87,289,3
2005,AL.77,265,0
2005,P.15,197,0
2005,Z.30,16,0
2005,AL.43,239,1
2005,BU.9,711,1
2005,BW.155,514,5
2005,AH.17,1916,10
2005,AQ.22,572,1
2005,AY.65,382,3
2005,Z.11,211,2
2005,BW.33,784,2
2005,BW.54,582,7
2005,BF.8,759,4
2005,R.42,237,0
2005,K.24,1739,13
2005,BO.66,3392,16
2005,BW.25,87,0
2005,K.58,287,7
2005,BT.25,93,0
2005,AF.12,372,0
2005,BT.21,51,0
2005,R.31,1289,7
2005,Y.16,127,1
2005,BO.100,1297,3
2005,BV.12,859,8
2005,AU.73,1067,10
2005,AM.6,6,0
2007,X.45,99368,789
2007,Y.29,55783,435
2007,P.18,4923,46
2007,X.40,5573,22
2007,Y.42,25800,168
2007,AH.164,12564,88
2007,AH.119,4251,26
2007,W.3,7680,60
2007,BW.107,10897,53
2007,BW.79,6938,35
2007,AU.58,53424,508
2007,BW.131,2697,16
2007,L.55,1017,7
2007,K.7,215223,1798
2007,AJ.52,51952,292
2007,BF.36,33779,349
2007,AO.21,3056,14
2007,BV.9,4485,27
2007,Q.22,35743,253
2007,AQ.17,42920,269
2007,BW.48,8238,41
2007,Y.9,41815,344
2007,BW.115,41529,230
2007,BP.6,8833,90
2007,K.60,18705,131
2007,AJ.40,44724,404
2007,BF.10,3503,34
2007,Y.34,53780,443
2007,AO.13,4051,23
2007,K.10,12041,117
2007,BW.167,27664,212
2007,AO.7,59534,543
2007,P.34,8026,47
2007,BW.174,2325,23
2007,BO.32,8401,55
2007,BV.24,13433,85
2007,Y.10,39914,340
2007,K.47,1271,0
2007,K.86,10361,81
2007,K.34,16037,115
2007,AH.69,6807,41
2007,BD.2,3754,29
2007,X.9,18421,155
2007,L.28,10565,66
2007,X.24,42842,414
2007,L.26,18348,151
2007,BP.18,6232,55
2007,BV.17,2156,5
2007,BW.13,5454,12
2007,BT.50,3163,9
2007,AU.14,114742,1071
2007,L.20,12575,104
2007,AU.11,70028,642
2007,W.16,83039,510
2007,AO.11,2204,7
2007,AU.34,9377,57
2007,Y.4,18790,103
2007,L.56,1817,10
2007,K.69,791,10
2007,Y.32,29172,222
2007,AJ.58,52176,394
2007,X.38,49682,396
2007,BZ.36,653,5
2007,X.28,9088,74
2007,AJ.122,34562,293
2007,AU.54,24398,159
2007,BU.1,10236,78
2007,BF.18,4461,29
2007,BT.43,18114,111
2007,BU.35,6031,58
2007,D.6,8455,52
2007,K.93,6340,37
2007,BO.52,23368,187
2007,W.10,2130,14
2007,AU.77,15849,166
2007,AY.37,5510,40
2007,BW.42,9430,88
2007,K.2,26926,219
2007,X.49,8616,61
2007,M.16,42790,324
2007,AJ.77,18374,96
2007,W.28,45791,250
2007,BP.24,6484,44
2007,R.27,12138,71
2007,BU.36,12335,81
2007,BO.44,17911,141
2007,AJ.112,6810,39
2007,BZ.32,708,2
2007,AJ.9,8098,40
2007,BU.3,5613,26
2007,AU.16,5205,42
2007,AH.106,5706,59
2007,AJ.129,48920,323
2007,K.13,13039,116
2007,AJ.59,12969,119
2007,AJ.76,8122,50
2007,P.33,5524,37
2007,AJ.17,9282,86
2007,K.62,9102,63
2007,BW.163,3823,14
2007,BW.95,34382,224
2007,AR.2,3922,29
2007,P.23,6313,39
2007,AU.49,9971,57
2007,BO.53,10408,66
2007,AU.73,2028,12
2007,BP.15,4713,28
2007,P.15,3199,20
2007,AR.1,12479,97
2007,AW.1,1343,8
2007,AR.41,17605,147
2007,L.29,41651,318
2007,L.49,16826,157
2007,AJ.64,4049,23
2007,AU.2,3210,23
2007,AJ.29,20019,128
2007,K.79,6829,34
2007,BO.38,68966,437
2007,AR.20,790,4
2007,AJ.54,21205,75
2007,Q.3,13173,109
2007,AZ.21,3901,24
2007,AU.27,11228,102
2007,AZ.17,573,4
2007,AO.1,40275,351
2007,AN.11,14974,124
2007,P.2,18393,153
2007,AJ.23,287,0
2007,AC.5,311,4
2007,L.21,1025,4
2007,BW.96,20905,144
2007,BW.3,36759,186
2007,BT.15,597,4
2007,R.30,22545,141
2007,K.3,38916,275
2007,AJ.42,9549,88
2007,AH.68,3157,30
2007,D.25,30786,226
2007,BW.156,23111,182
2007,BP.8,7706,73
2007,BO.71,1907,15
2007,BU.38,17129,103
2007,AJ.38,11135,103
2007,AJ.14,17659,109
2007,K.65,46349,314
2007,BO.35,14364,145
2007,AR.16,5956,32
2007,X.3,16193,121
2007,BP.20,1293,10
2007,BW.92,6059,56
2007,BT.11,2273,12
2007,AH.75,4254,28
2007,AY.23,2095,12
2007,AU.25,7385,57
2007,K.103,4118,30
2007,AY.47,1134,8
2007,P.10,842,11
2007,N.25,3014,19
2007,BW.176,17595,132
2007,AU.35,10705,79
2007,AX.4,11875,85
2007,W.11,4122,22
2007,W.4,31959,236
2007,BW.157,25448,151
2007,AH.101,4827,23
2007,AU.40,30894,255
2007,AH.36,1197,3
2007,BU.5,7478,41
2007,L.42,1579,8
2007,BY.4,5863,24
2007,AH.50,4061,18
2007,M.9,841,4
2007,L.14,11161,55
2007,BV.3,4002,29
2007,AH.40,774,4
2007,BO.36,31694,288
2007,AJ.48,28272,255
2007,AO.28,4308,33
2007,BW.112,19590,150
2007,O.19,5890,63
2007,AL.14,15013,92
2007,P.20,1328,10
2007,W.20,11259,114
2007,AL.42,6480,41
2007,Y.38,4687,22
2007,D.21,6838,46
2007,BW.49,13252,76
2007,BP.9,1265,8
2007,G.10,1240,12
2007,K.33,3659,21
2007,BW.168,10770,80
2007,BV.8,16395,122
2007,K.80,13805,110
2007,J.10,2121,13
2007,BV.2,63,0
2007,BH.20,9881,99
2007,K.40,10704,70
2007,BW.183,3602,13
2007,Y.21,11383,89
2007,AV.10,9662,101
2007,AH.8,7619,25
2007,BU.20,3021,12
2007,BH.18,31377,327
2007,G.8,1532,12
2007,AO.12,2249,16
2007,BW.1,808,5
2007,AJ.32,1872,13
2007,Y.36,5761,57
2007,Y.1,4810,50
2007,AC.3,2103,18
2007,BW.43,10220,60
2007,AJ.35,30808,229
2007,M.13,7134,45
2007,AJ.113,3350,13
2007,AH.100,3948,22
2007,BO.90,565,7
2007,BF.42,2977,18
2007,BV.11,5790,34
2007,AH.7,7913,57
2007,Q.36,2902,25
2007,BH.7,4698,39
2007,J.6,9007,55
2007,BZ.16,4589,29
2007,AH.168,9523,56
2007,P.27,287,0
2007,AR.17,1939,19
2007,AJ.49,27742,167
2007,X.57,1648,4
2007,AL.24,5256,30
2007,AL.33,4052,17
2007,Q.27,1296,7
2007,X.12,9161,43
2007,BO.47,20082,120
2007,AJ.123,25459,154
2007,K.51,7772,37
2007,AL.71,1333,11
2007,AN.2,9660,89
2007,BW.132,10249,49
2007,M.19,5715,38
2007,BW.57,2807,14
2007,BW.5,1542,10
2007,BW.166,4210,36
2007,AL.36,725,3
2007,AI.23,2414,31
2007,P.16,1885,12
2007,AV.9,1751,14
2007,K.78,9740,77
2007,AH.70,5897,39
2007,I.3,1410,5
2007,D.20,5927,61
2007,O.9,834,4
2007,BW.126,11982,77
2007,BT.63,14628,93
2007,AI.20,8911,47
2007,BZ.11,4396,39
2007,AJ.121,5552,23
2007,AQ.20,7358,47
2007,BZ.9,1412,8
2007,Q.40,4591,35
2007,BT.69,8480,47
2007,BO.3,4355,21
2007,BW.164,7990,44
2007,AI.2,3557,20
2007,N.8,6872,40
2007,P.36,6343,33
2007,O.10,11538,88
2007,N.26,803,7
2007,P.13,6489,44
2007,AI.17,5921,34
2007,AU.47,199,1
2007,AO.20,6905,47
2007,BH.11,4529,31
2007,AJ.89,3158,19
2007,AL.76,281,1
2007,AL.45,472,2
2007,BU.29,1412,6
2007,K.57,3231,16
2007,R.24,3455,22
2007,K.81,18477,118
2007,AN.12,1973,8
2007,BT.73,3541,18
2007,AL.16,3447,21
2007,AU.69,4086,32
2007,BW.69,7294,34
2007,BW.36,6750,48
2007,AH.107,2582,12
2007,BP.17,4296,49
2007,BB.11,834,4
2007,BF.20,3598,26
2007,P.35,5351,32
2007,Q.43,13936,97
2007,BG.19,3051,7
2007,J.7,5087,29
2007,BV.4,359,3
2007,BF.44,4151,37
2007,M.3,2059,10
2007,K.50,7527,31
2007,BH.29,7383,83
2007,Z.5,402,2
2007,AQ.32,3062,16
2007,BP.23,7395,71
2007,BZ.30,44,0
2007,AR.35,10436,66
2007,BO.72,3898,21
2007,K.92,9338,54
2007,AJ.37,444,6
2007,N.17,2661,18
2007,AH.125,3441,16
2007,AH.18,813,5
2007,AJ.5,3165,13
2007,AH.19,1657,7
2007,AJ.114,2084,14
2007,M.18,13046,98
2007,AZ.6,184,0
2007,BW.160,10578,78
2007,BB.12,2824,20
2007,K.63,7299,51
2007,BO.15,4860,12
2007,K.35,12440,81
2007,BH.16,258,1
2007,W.2,2858,12
2007,BF.29,1432,4
2007,AQ.19,3895,20
2007,AI.45,684,3
2007,K.46,909,7
2007,K.75,4137,17
2007,BO.20,1203,5
2007,BW.77,969,3
2007,BO.66,3767,19
2007,BF.31,2957,18
2007,BW.159,3271,21
2007,AL.72,2679,16
2007,Z.38,8773,71
2007,BZ.33,1189,15
2007,N.7,4264,41
2007,BH.12,2993,27
2007,K.31,4007,34
2007,AI.16,2634,17
2007,AH.6,5052,22
2007,D.11,803,7
2007,X.52,5330,30
2007,K.9,2496,15
2007,BF.28,76,0
2007,AJ.7,5287,32
2007,K.66,2927,13
2007,BT.10,1212,11
2007,AJ.44,1233,5
2007,BV.19,3276,22
2007,BU.31,891,4
2007,AR.25,3288,11
2007,AX.2,2089,10
2007,BW.81,3160,18
2007,AF.21,1143,7
2007,AH.52,735,3
2007,K.39,5495,43
2007,AQ.22,1241,10
2007,BW.32,1194,4
2007,AV.1,3269,20
2007,K.96,1657,12
2007,BW.125,2554,20
2007,K.15,1054,4
2007,AQ.31,3779,21
2007,AF.24,5115,33
2007,AH.67,1163,9
2007,AH.2,324,0
2007,AL.46,4504,24
2007,D.12,2255,8
2007,Y.5,2110,10
2007,BH.13,2746,13
2007,AU.1,3094,20
2007,K.11,4155,23
2007,R.20,9639,82
2007,BD.3,7250,37
2007,AJ.88,1691,9
2007,K.61,21314,136
2007,AQ.14,4760,23
2007,BP.21,406,3
2007,AL.101,957,2
2007,R.23,14362,104
2007,BV.20,6013,51
2007,AQ.39,5040,28
2007,BM.15,138,0
2007,AX.1,3798,15
2007,AF.12,421,2
2007,Y.2,3138,23
2007,BO.51,570,4
2007,AJ.15,2309,12
2007,BU.9,987,3
2007,BT.72,4013,13
2007,M.8,1151,7
2007,BW.58,2072,14
2007,AV.16,1082,5
2007,D.17,597,2
2007,N.11,245,1
2007,AL.88,1912,13
2007,BH.30,6159,48
2007,P.24,4815,31
2007,AJ.43,5723,43
2007,K.85,229,0
2007,BR.3,1214,6
2007,N.10,3290,20
2007,BV.6,2872,15
2007,BW.178,4134,37
2007,BF.39,1058,6
2007,AJ.36,805,2
2007,K.88,877,4
2007,AO.29,5751,29
2007,AO.33,2525,12
2007,BZ.14,3779,32
2007,AO.14,1255,9
2007,BV.21,550,3
2007,Q.16,1620,7
2007,AL.49,5044,17
2007,J.4,1940,12
2007,AR.5,3649,23
2007,BW.54,792,4
2007,Y.11,1680,13
2007,BZ.27,1710,13
2007,Q.15,1966,7
2007,BG.3,377,0
2007,BO.60,2236,17
2007,O.11,3783,23
2007,AC.1,784,4
2007,BW.72,443,0
2007,X.1,1419,8
2007,X.25,4770,27
2007,BF.35,2687,19
2007,AL.69,480,1
2007,BF.6,117,0
2007,AH.39,942,5
2007,BG.4,1867,0
2007,I.18,1530,10
2007,BW.6,637,5
2007,AJ.117,495,1
2007,I.11,462,1
2007,BG.16,974,2
2007,BW.172,538,5
2007,D.19,394,2
2007,AU.43,571,0
2007,BF.11,1310,6
2007,BU.10,542,3
2007,L.3,989,6
2007,BW.150,488,0
2007,K.74,8497,61
2007,AJ.85,2478,23
2007,AQ.24,42,0
2007,W.30,2579,14
2007,D.18,512,2
2007,L.6,3472,21
2007,AH.83,1002,8
2007,Y.40,936,6
2007,I.15,1609,8
2007,K.82,6883,45
2007,O.23,8299,52
2007,BW.34,1849,11
2007,AN.16,7050,68
2007,BB.3,1998,21
2007,AU.50,2100,11
2007,P.45,2315,7
2007,BW.40,2800,17
2007,R.32,3703,15
2007,BN.3,4766,38
2007,AL.60,482,5
2007,P.38,3159,18
2007,X.2,603,5
2007,I.24,2852,15
2007,AJ.19,823,6
2007,AR.40,365,5
2007,AH.43,488,3
2007,AL.5,1418,8
2007,AY.30,6934,49
2007,BO.9,311,3
2007,BY.6,2091,8
2007,G.9,577,0
2007,M.11,890,9
2007,AH.21,288,1
2007,AJ.55,1827,9
2007,?,3107,20
2007,K.24,1634,11
2007,AI.27,857,6
2007,BW.22,2104,13
2007,BO.89,70,0
2007,N.23,884,5
2007,BO.69,1597,12
2007,AJ.1,602,3
2007,R.15,2769,20
2007,J.1,590,4
2007,D.1,1450,11
2007,I.29,3673,20
2007,X.41,1662,5
2007,L.19,1531,18
2007,AZ.19,154,2
2007,BH.42,335,5
2007,W.23,741,2
2007,AH.81,2133,6
2007,AZ.28,656,3
2007,X.19,1320,2
2007,I.41,2078,10
2007,V.2,345,0
2007,AR.11,1973,13
2007,I.16,1379,10
2007,BW.60,2136,24
2007,AU.51,300,2
2007,I.14,4096,30
2007,AR.28,426,0
2007,AJ.27,1445,4
2007,AV.6,305,0
2007,N.19,133,0
2007,AU.8,2081,13
2007,X.15,23,0
2007,W.5,2697,7
2007,D.2,1570,13
2007,AR.45,2928,22
2007,AY.21,67,0
2007,AY.55,893,5
2007,AI.4,2587,24
2007,L.57,2990,13
2007,AF.4,913,6
2007,AF.16,481,1
2007,BN.2,226,3
2007,K.44,1829,15
2007,AL.13,919,5
2007,BW.17,4129,20
2007,R.18,896,4
2007,BT.31,901,4
2007,Z.43,582,2
2007,AH.28,491,3
2007,AN.3,1619,6
2007,AZ.22,1018,8
2007,AR.14,2361,17
2007,P.9,916,8
2007,AU.55,237,0
2007,AN.19,407,2
2007,AU.68,5821,41
2007,AQ.4,786,2
2007,N.22,1077,6
2007,K.52,3378,22
2007,R.1,837,1
2007,BT.13,806,0
2007,AL.103,395,0
2007,BW.61,1225,4
2007,R.48,3209,20
2007,AO.6,2080,23
2007,BT.29,78,0
2007,W.13,1117,3
2007,L.59,946,6
2007,W.29,650,4
2007,AH.60,51,0
2007,BB.6,1520,13
2007,BZ.40,327,1
2007,BW.37,871,8
2007,K.1,652,5
2007,L.1,491,2
2007,AU.75,730,3
2007,AL.7,452,3
2007,AJ.30,641,1
2007,P.1,410,5
2007,BV.13,561,4
2007,R.10,140,1
2007,AC.4,1289,12
2007,Z.31,332,2
2007,AR.32,314,1
2007,BO.58,3594,22
2007,Q.2,602,0
2007,AI.15,233,0
2007,AF.8,2167,13
2007,O.20,260,3
2007,AI.13,257,2
2007,BW.45,365,1
2007,R.29,509,4
2007,V.11,157,1
2007,AH.98,106,1
2007,R.17,1837,12
2007,W.8,637,0
2007,BP.10,605,4
2007,AL.9,123,0
2007,AR.36,1167,6
2007,BW.66,1423,5
2007,G.6,218,1
2007,BF.37,270,0
2007,BW.188,324,1
2007,BV.12,515,3
2007,K.12,2070,23
2007,AH.77,685,2
2007,BY.10,719,1
2007,W.9,367,0
2007,AL.31,1655,7
2007,AI.12,1276,5
2007,L.7,869,2
2007,BW.89,111,0
2007,BA.8,255,1
2007,BW.129,914,7
2007,BT.35,358,3
2007,AR.37,991,4
2007,L.15,909,7
2007,BW.155,699,1
2007,D.7,506,4
2007,BO.2,899,1
2007,AY.35,571,6
2007,BW.64,231,0
2007,BT.49,3592,23
2007,AC.2,775,7
2007,AL.23,724,6
2007,BW.51,833,2
2007,BO.17,34,0
2007,BW.9,344,0
2007,BZ.2,121,1
2007,BW.140,1,0
2007,BW.104,86,0
2007,AZ.1,1808,12
2007,AL.37,675,3
2007,X.46,249,0
2007,R.28,808,5
2007,AU.26,3944,25
2007,BO.84,184,0
2007,BW.154,561,2
2007,AW.4,510,3
2007,BW.76,227,1
2007,K.4,1030,3
2007,AY.38,247,2
2007,BW.185,212,0
2007,AJ.71,245,0
2007,BH.10,488,7
2007,AU.30,190,1
2007,AY.64,820,3
2007,K.70,339,1
2007,I.8,919,5
2007,BO.1,490,3
2007,BW.33,775,1
2007,AH.41,539,1
2007,K.77,1266,9
2007,P.25,855,0
2007,P.7,515,2
2007,BZ.28,544,7
2007,BY.13,1501,4
2007,AF.5,147,0
2007,L.13,951,3
2007,AZ.2,1061,6
2007,R.7,529,1
2007,BW.68,333,0
2007,K.58,281,1
2007,BU.39,114,1
2007,BO.39,1496,4
2007,AH.79,301,1
2007,Z.40,195,1
2007,R.22,1677,5
2007,AJ.82,27,0
2007,Y.22,461,3
2007,BO.76,605,3
2007,BZ.26,248,2
2007,AL.73,1196,10
2007,AO.5,871,7
2007,BW.118,44,0
2007,BV.33,1273,8
2007,L.43,389,4
2007,AR.3,790,1
2007,L.51,787,11
2007,AH.118,585,9
2007,AV.7,509,4
2007,Z.34,245,0
2007,Z.39,391,4
2007,BW.149,216,1
2007,AO.25,2712,28
2007,K.76,1703,9
2007,AH.74,300,1
2007,AL.77,1239,5
2007,BW.25,100,0
2007,W.18,49,0
2007,AU.12,104,1
2007,AQ.16,367,1
2007,AU.64,76,0
2007,BB.14,301,0
2007,AY.58,11,0
2007,AH.91,142,2
2007,E.9,62,0
2007,G.3,88,0
2007,BZ.23,228,0
2007,BM.4,324,4
2007,AI.49,42,0
2007,K.20,925,5
2007,AY.28,963,1
2007,AH.45,116,3
2007,BO.67,253,2
2007,BV.22,945,7
2007,K.17,201,3
2007,BF.30,230,2
2007,BF.8,464,4
2007,AZ.26,1544,15
2007,AV.14,115,0
2007,AY.5,24,0
2007,Z.14,128,0
2007,AN.7,472,2
2007,P.30,533,3
2007,AL.85,63,1
2007,BF.2,14,0
2007,BO.65,1438,11
2007,AR.18,391,0
2007,AL.6,885,7
2007,AI.48,377,0
2007,BO.100,1282,2
2007,AX.6,43,0
2007,K.28,1145,9
2007,AY.24,1444,7
2007,AH.122,230,2
2007,BO.98,355,1
2007,AH.17,1851,5
2007,BT.54,2983,16
2007,AQ.28,82,1
2007,R.39,203,2
2007,BT.16,236,2
2007,Z.8,476,6
2007,L.31,1422,11
2007,AN.5,1407,13
2007,AR.27,481,0
2007,AJ.3,111,0
2007,BT.25,55,0
2007,AF.15,250,0
2007,K.53,842,7
2007,AH.82,54,0
2007,Z.1,800,7
2007,BT.14,234,1
2007,AH.169,83,1
2007,AI.11,316,2
2007,O.2,860,12
2007,BV.10,144,3
2007,BH.22,1006,6
2007,Q.23,218,3
2007,AH.147,320,2
2007,BH.24,140,1
2007,W.14,248,0
2007,P.11,87,2
2007,X.21,1422,10
2007,BF.7,54,0
2007,BW.124,2,0
2007,AR.10,485,5
2007,AJ.94,13,0
2007,BO.25,403,1
2007,K.68,1369,6
2007,I.33,621,0
2007,BV.25,22,0
2007,R.43,156,0
2007,AR.43,276,1
2007,AQ.8,84,0
2007,AL.53,54,0
2007,BW.21,203,1
2007,BY.12,1013,4
2007,AH.156,296,1
2007,U.7,155,0
2007,AF.19,146,0
2007,R.31,1509,9
2007,K.22,301,2
2007,AZ.32,205,1
2007,BW.82,24,0
2007,BT.28,176,2
2007,AU.41,79,0
2007,AR.39,109,0
2007,BT.18,208,0
2007,AI.3,60,0
2007,Y.46,73,0
2007,BB.10,555,2
2007,AH.137,610,1
2007,AL.21,211,0
2007,W.6,151,1
2007,M.15,764,1
2007,I.34,372,2
2007,AH.170,467,4
2007,AJ.18,169,0
2007,BH.44,183,1
2007,BW.94,21,0
2007,BW.88,43,0
2007,Y.15,569,3
2007,BW.65,328,2
2007,AL.87,285,2
2007,M.10,336,0
2007,Z.27,264,1
2007,I.12,197,0
2007,AD.4,21,0
2007,AL.47,160,2
2007,AQ.11,282,0
2007,AZ.34,107,0
2007,AJ.12,60,0
2007,Y.47,89,0
2007,AL.70,169,1
2007,X.35,219,0
2007,BG.5,350,0
2007,BG.9,303,0
2007,Y.16,96,0
2007,AL.43,270,0
2007,BF.22,569,4
2007,AH.38,154,0
2007,BF.38,61,0
2007,BH.43,172,0
2007,AJ.106,33,0
2007,AQ.6,28,0
2007,AH.35,256,1
2007,Y.45,46,0
2007,AX.8,78,2
2007,Z.41,67,0
2007,AH.15,133,0
2007,AH.46,255,0
2007,AH.76,1495,10
2007,BO.23,224,2
2007,BG.14,245,0
2007,BO.94,73,0
2007,AY.26,586,3
2007,BT.1,135,0
2007,BU.8,25,0
2007,BG.22,446,1
2007,AY.36,500,3
2007,AZ.35,605,2
2007,N.20,99,0
2007,Q.20,14,0
2007,BO.82,93,0
2007,E.5,36,0
2007,BW.103,161,1
2007,BQ.7,36,0
2007,BW.52,166,0
2007,AL.107,50,0
2007,AL.82,57,0
2007,AL.63,159,0
2007,AH.9,52,1
2007,E.4,8,0
2007,E.28,21,0
2007,R.49,426,0
2007,AL.90,558,3
2007,R.4,237,1
2007,AN.14,211,3
2007,BM.17,18,0
2007,AY.65,444,4
2007,B.2,40,0
2007,BO.88,297,2
2007,BW.55,1,0
2007,AH.129,4,0
2007,BC.1,69,0
2007,AJ.124,95,0
2007,BO.104,222,0
2007,BM.16,81,0
2007,BH.40,5,0
2007,BT.23,170,1
2007,BF.4,16,0
2007,BW.44,29,0
2007,BT.21,49,0
2007,BW.29,39,0
2007,AY.9,56,0
2007,AQ.40,95,0
2007,AL.75,363,0
2007,BZ.38,43,0
2007,K.25,188,0
2007,P.8,366,3
2007,AU.36,274,1
2007,BW.63,301,2
2007,BW.28,79,0
2007,AO.10,600,2
2007,Q.19,105,0
2007,BO.50,327,3
2007,BM.1,22,0
2007,AU.60,105,1
2007,Z.45,138,0
2007,BP.22,204,2
2007,BT.4,258,0
2007,AH.65,158,1
2007,BO.18,347,1
2007,Q.25,149,0
2007,K.19,246,1
2007,K.91,168,1
2007,BZ.4,378,0
2007,S.1,106,0
2007,BG.17,48,0
2007,AY.44,166,0
2007,AH.148,947,5
2007,X.26,119,1
2007,BT.46,155,1
2007,Z.11,200,4
2007,BV.26,38,0
2007,AQ.43,109,0
2007,AU.66,69,0
2007,AZ.39,263,0
2007,BT.45,205,0
2007,X.36,64,0
2007,AL.64,328,3
2007,Y.48,45,0
2007,AU.37,37,0
2007,AJ.91,14,1
2007,BV.32,63,0
2007,BA.1,119,0
2007,Z.36,38,1
2007,AD.1,71,0
2007,L.10,13,0
2007,E.8,13,0
2007,G.4,178,0
2007,BM.2,16,0
2007,AL.17,221,0
2007,AU.42,49,0
2007,AY.18,35,0
2007,J.5,3,0
2007,AL.105,306,1
2007,AH.14,107,0
2007,BW.80,110,0
2007,AF.23,281,1
2007,V.6,21,0
2007,AH.55,44,0
2007,AX.5,37,0
2007,BB.7,312,4
2007,I.32,288,1
2007,AV.5,29,0
2007,AQ.2,131,2
2007,AY.13,103,1
2007,AU.19,12,0
2007,R.12,147,0
2007,K.48,155,0
2007,Q.39,107,2
2007,AH.92,17,0
2007,BW.14,31,1
2007,BW.27,238,0
2007,AY.62,66,0
2007,AL.38,314,0
2007,BU.22,102,1
2007,AH.99,2,0
2007,AL.18,69,1
2007,AL.19,68,1
2007,BW.70,123,0
2007,BT.40,23,0
2007,AE.7,19,0
2007,BW.84,18,0
2007,X.5,18,0
2007,AH.78,30,0
2007,L.35,91,0
2007,AL.67,374,1
2007,BO.24,29,0
2007,BO.102,82,0
2007,AY.43,699,2
2006,AR.17,1936,6
2006,AJ.123,24978,143
2006,AH.52,669,5
2006,AQ.22,995,4
2006,AH.6,5086,21
2006,K.1,701,3
2006,M.15,305,0
2006,BD.3,5583,38
2006,Y.39,65,1
2007,Y.39,63,0
2006,BY.6,1862,4
2006,K.11,3213,14
2006,AJ.30,370,2
2006,W.11,2202,10
2006,AQ.14,3167,14
2006,BU.20,3488,17
2006,Z.27,278,1
2006,BV.19,3872,30
2006,AJ.85,2358,10
2006,BF.8,629,6
2006,L.6,3515,30
2006,K.26,25,0
2007,K.26,22,0
2006,BO.32,7614,39
2006,X.2,657,2
2006,BT.11,2403,16
2006,L.31,1907,8
2006,AY.35,515,5
2006,AR.11,1628,9
2006,AH.50,3635,24
2006,AY.30,6963,38
2006,AL.7,464,0
2006,AH.17,1884,6
2006,V.11,178,1
2006,BM.20,24,0
2007,BM.20,24,0
2006,J.10,2076,10
2006,R.49,476,0
2006,AY.13,150,0
2006,AV.7,682,5
2006,L.15,940,2
2006,L.59,905,5
2006,BW.66,1476,1
2006,BU.39,111,1
2006,BP.9,1104,8
2006,BW.149,217,3
2006,M.3,333,1
2006,BG.5,223,1
2006,AH.67,1227,13
2006,AU.43,589,1
2006,BW.129,786,5
2006,AN.5,1527,6
2006,N.22,648,2
2006,AH.45,114,0
2006,BV.22,1091,6
2006,AC.2,893,7
2006,K.47,1390,11
2006,K.69,804,9
2007,I.35,129,1
2006,M.19,4918,27
2006,BU.29,1800,13
2006,BP.21,464,4
2006,K.66,2452,12
2006,AU.73,1640,9
2006,AL.69,561,3
2006,AQ.4,843,5
2006,AH.79,256,3
2006,BW.34,2200,6
2006,AL.5,1510,13
2006,BW.76,165,0
2006,BO.1,590,4
2006,Q.19,133,2
2006,Z.40,204,3
2006,AI.2,3852,23
2006,X.1,1584,11
2006,BW.57,2166,10
2006,BO.51,290,0
2006,AX.2,2406,9
2006,BO.2,1041,6
2006,AH.19,1615,8
2006,M.11,759,3
2006,AL.17,221,0
2006,AR.18,457,0
2006,AZ.2,986,7
2006,BF.38,58,0
2006,P.45,2067,8
2006,O.2,886,9
2006,K.15,1061,9
2006,AF.16,518,0
2006,AH.83,849,10
2007,AK.1,3,0
2007,BG.6,40,0
2007,D.24,189,4
2007,BF.32,155,0
2006,BZ.26,289,4
2006,AN.7,631,2
2006,BT.54,2173,12
2006,Y.48,61,1
2006,AL.101,946,5
2006,BT.14,243,0
2006,L.43,462,1
2006,BU.10,394,0
2006,K.52,3730,34
2006,BW.6,646,4
2006,AY.36,460,2
2006,AY.43,659,4
2006,AU.30,196,1
2006,BV.21,586,4
2006,L.42,1486,7
2006,AI.12,1432,7
2006,BH.24,133,0
2006,BO.104,208,0
2006,BV.4,408,3
2006,L.55,551,3
2006,K.9,829,1
2007,AQ.9,18,0
2006,BU.31,988,7
2006,P.10,770,2
2006,I.8,994,7
2006,BU.9,807,4
2006,BF.35,3084,36
2006,AJ.1,667,3
2006,BY.13,1637,9
2006,BT.23,188,3
2006,AI.48,287,0
2006,K.103,1806,15
2006,Y.11,1828,6
2006,BH.22,852,5
2006,BT.10,1304,4
2006,D.19,71,0
2006,V.2,421,4
2006,BF.30,138,2
2006,BO.100,1316,3
2006,AJ.36,112,0
2006,BF.37,370,0
2006,BT.16,255,2
2006,BO.11,167,0
2007,BO.11,146,0
2006,AY.28,750,4
2006,AY.64,807,6
2006,BT.31,958,4
2006,AI.16,1347,5
2006,AH.33,250,0
2007,AH.33,217,1
2006,L.51,871,4
2007,AL.110,43,0
2007,AR.31,2,0
2007,AH.143,173,0
2007,BW.186,22,0
2007,AH.97,154,0
2007,BZ.34,89,0
2006,K.24,1723,6
2006,BT.13,890,3
2006,R.34,112,1
2007,R.34,129,0
2006,AV.16,1439,5
2006,AH.65,174,0
2006,BW.27,196,0
2006,AL.77,790,7
2007,AL.92,89,1
2006,BO.9,385,0
2006,AH.40,655,3
2006,AD.1,91,0
2006,BW.51,841,6
2006,Y.47,122,0
2006,AF.21,1132,5
2006,AF.4,932,5
2006,AH.12,14,0
2007,AH.12,14,0
2006,L.21,310,1
2006,AH.143,144,1
2006,BO.66,3562,17
2006,AH.39,764,3
2006,BO.90,432,4
2006,X.6,29,0
2007,X.6,30,1
2006,AH.28,536,3
2006,AV.9,1953,15
2006,BP.20,928,9
2007,X.32,39,0
2007,AI.5,131,0
2007,AZ.31,7,0
2007,AH.42,95,0
2007,AU.61,11,0
2006,BW.35,51,0
2007,BW.35,38,0
2006,AH.41,376,2
2006,K.20,1137,6
2006,K.28,1379,10
2006,G.9,653,2
2007,AY.17,66,0
2006,AC.5,345,3
2006,R.28,190,2
2006,AR.39,124,1
2006,AL.75,231,0
2006,Q.27,900,4
2006,AO.21,952,3
2006,X.21,1072,8
2006,AJ.117,463,0
2006,W.13,314,2
2006,AR.3,985,6
2006,BO.25,416,2
2006,BA.8,220,0
2006,K.70,348,2
2006,BZ.36,653,7
2006,K.85,275,0
2006,N.10,2082,14
2006,BO.91,79,0
2007,BO.91,95,1
2006,BV.1,41,0
2007,BV.1,39,0
2007,BW.91,109,1
2006,AJ.71,219,0
2006,AY.55,900,6
2006,L.7,872,4
2006,AO.10,707,5
2006,AO.14,560,1
2006,AY.47,278,0
2006,BO.88,343,0
2006,R.19,121,0
2007,R.19,104,0
2006,P.20,845,3
2006,BF.4,22,0
2006,R.31,1495,6
2006,Z.8,496,3
2006,AJ.3,137,0
2006,BM.15,177,0
2006,AY.3,41,0
2007,AY.3,46,0
2006,AH.169,78,0
2007,BW.97,41,0
2006,X.41,1155,3
2006,BW.80,133,0
2006,Y.22,308,5
2006,AQ.2,168,1
2006,AY.21,42,0
2006,L.35,158,0
2006,Z.12,19,0
2007,Z.12,23,0
2006,BH.43,91,0
2006,BR.3,929,4
2006,AF.15,274,0
2006,R.1,894,4
2006,AH.9,62,2
2006,BU.15,14,0
2007,BU.15,10,0
2006,U.9,7,0
2007,U.9,9,0
2006,AL.9,142,0
2006,BW.172,552,4
2006,I.25,211,0
2006,L.10,16,0
2007,L.8,17,1
2006,L.8,21,0
2006,K.22,311,1
2007,BH.45,33,0
2006,BH.45,16,1
2006,AY.2,83,1
2007,AY.2,66,0
2006,BW.154,644,1
2006,AZ.5,223,1
2006,P.9,918,5
2006,I.12,244,0
2006,BW.99,17,0
2007,BW.99,12,0
2006,AJ.114,1493,9
2006,BO.94,63,0
2006,BW.45,358,1
2006,K.53,883,6
2006,I.33,592,3
2007,BW.41,135,0
2006,AL.21,190,0
2006,BW.37,855,7
2006,N.23,695,1
2006,AW.4,519,3
2006,P.16,882,7
2006,BU.8,31,0
2006,AY.27,19,0
2007,AY.27,18,0
2006,G.6,254,2
2006,AC.1,891,5
2006,BW.65,349,1
2006,AL.87,282,0
2006,Z.34,314,0
2007,AO.16,165,0
2006,BV.12,674,3
2006,K.58,289,1
2006,AL.76,294,1
2006,L.1,584,2
2006,AY.26,560,5
2006,X.32,43,0
2006,AU.51,389,1
2006,AL.36,89,0
2006,Q.2,649,1
2006,AL.43,270,1
2006,AR.10,264,0
2006,BH.44,100,0
2006,K.17,258,2
2007,BT.24,30,0
2006,BW.28,85,1
2006,BL.2,30,0
2007,BL.2,20,0
2006,BG.7,107,1
2007,BG.7,107,0
2006,I.11,598,1
2006,AL.108,38,0
2007,AL.108,71,0
2006,AI.5,148,1
2006,W.9,370,2
2006,AL.103,412,1
2006,BW.64,209,2
2006,AQ.8,114,0
2006,BO.50,160,0
2006,BP.22,203,3
2006,AF.12,432,4
2006,Z.11,221,1
2006,AH.147,331,3
2006,BT.25,76,1
2006,AH.148,942,4
2006,Q.7,1,0
2007,Q.7,3,0
2006,AL.105,316,2
2006,AQ.16,442,3
2006,BW.33,768,4
2006,BY.12,1154,6
2006,BO.24,47,0
2007,AE.2,10,0
2006,Q.12,20,0
2007,Q.12,19,0
2006,R.22,1719,7
2006,R.7,535,2
2006,AH.74,321,0
2006,AL.60,269,1
2006,AR.43,294,1
2006,AH.156,303,1
2006,Y.45,65,0
2006,X.35,280,1
2006,S.1,121,1
2006,AZ.22,961,6
2006,AH.82,46,0
2006,L.13,1036,3
2006,BW.61,982,2
2006,W.29,85,0
2006,AU.47,224,0
2006,BT.46,163,0
2006,BO.82,108,0
2007,AH.93,21,0
2006,BG.22,217,2
2006,O.20,263,4
2006,R.29,224,1
2006,BA.1,95,1
2006,AI.15,296,1
2006,BG.9,318,0
2006,BW.155,675,3
2006,AU.12,135,0
2006,K.19,197,1
2006,BH.10,549,4
2006,W.14,252,0
2006,AH.38,145,1
2006,AH.170,414,3
2006,AL.70,187,2
2007,K.95,48,0
2006,AJ.100,15,0
2007,AJ.100,13,0
2006,BM.1,31,0
2006,AU.42,52,0
2007,AJ.90,24,0
2006,X.36,75,0
2006,BT.45,219,0
2006,AL.47,165,2
2006,AJ.18,186,3
2006,AJ.83,30,0
2007,AJ.83,33,0
2006,Z.15,21,0
2007,Z.15,38,1
2006,AU.64,95,0
2006,AL.66,100,0
2007,AL.66,185,1
2006,BZ.4,379,3
2006,AJ.23,287,0
2006,W.6,163,3
2007,AZ.5,170,0
2006,J.1,84,0
2006,BZ.23,231,1
2006,AL.44,303,2
2007,AL.44,457,0
2006,BW.118,34,0
2006,BW.54,712,9
2006,AH.15,123,0
2005,BW.65,343,1
2005,AH.41,214,5
2005,AV.6,534,6
2005,BY.13,1708,7
2006,BO.17,37,1
2005,BO.17,40,0
2005,BT.54,1477,10
2005,AQ.14,1452,5
2006,BO.98,343,0
2006,BW.72,397,1
2005,AU.51,534,1
2005,AH.40,390,3
2005,BG.9,315,0
2005,AH.147,362,2
2005,AJ.19,871,6
2005,AL.58,42,2
2005,X.26,158,2
2005,AH.46,254,0
2006,AH.46,269,0
2005,AN.14,387,3
2005,BW.46,42,1
2005,BV.22,1207,9
2005,BG.15,46,0
2006,BG.15,46,0
2007,BG.15,46,0
2005,BU.15,11,0
2005,K.38,29,1
2005,G.9,733,6
2005,AL.76,313,0
2005,AJ.83,26,0
2005,X.36,118,2
2005,AQ.8,131,1
2005,AH.28,493,2
2005,Z.24,5,0
2006,Z.24,5,0
2005,AZ.35,759,4
2006,AZ.35,672,1
2005,BW.28,89,0
2005,X.14,7,0
2006,X.14,5,0
2006,BZ.34,119,0
2005,I.5,20,0
2006,I.5,23,0
2007,I.5,16,0
2005,BF.37,479,4
2005,BO.90,237,4
2005,BW.58,933,6
2005,AH.45,108,3
2005,AL.69,571,3
2005,K.8,175,4
2006,K.8,175,2
2005,AF.16,543,0
2005,AH.79,198,2
2005,AL.7,463,3
2006,AY.44,186,0
2005,AU.60,189,1
2006,AU.60,142,1
2005,L.1,655,5
2006,AL.107,8,1
2005,AN.5,1598,6
2005,AY.55,807,2
2005,BW.163,4210,19
2005,AL.17,200,2
2005,AH.148,897,8
2005,W.11,183,0
2006,BZ.28,655,2
2006,R.10,182,1
2005,BP.9,882,8
2005,AF.15,288,0
2005,BO.23,222,0
2006,BO.23,234,1
2006,BW.185,103,0
2005,O.20,268,4
2006,BO.18,395,0
2005,BM.15,202,1
2005,K.47,1413,5
2006,Q.39,156,0
2005,AU.47,235,2
2005,BW.52,194,0
2006,BW.52,187,3
2005,O.2,815,6
2005,BV.30,69,0
2006,BV.30,51,0
2007,BV.30,32,0
2007,R.42,230,0
2005,BV.32,59,0
2006,R.43,172,0
2005,R.43,210,0
2005,AI.16,193,0
2005,BF.18,236,0
2006,AJ.37,77,0
2006,BW.9,337,3
2005,AZ.5,311,0
2005,AU.41,105,0
2005,AZ.6,344,1
2005,V.6,50,2
2005,AH.52,536,4
2005,AR.39,135,3
2005,I.34,161,0
2006,I.34,297,4
2006,P.38,1206,2
2005,K.26,25,0
2005,AN.7,833,3
2005,Q.23,334,2
2006,Q.23,280,1
2005,B.1,9,0
2005,AH.169,67,0
2006,BO.92,42,0
2007,BO.92,61,1
2005,AJ.90,18,0
2006,AJ.90,21,0
2006,AV.11,171,0
2007,AV.11,167,0
2005,BF.7,93,0
2005,E.7,3,0
2006,E.7,3,0
2007,E.7,3,0
2005,AV.12,154,0
2005,BW.64,211,4
2005,K.48,174,0
2006,K.48,167,0
2007,AD.3,51,0
2006,AD.3,67,0
2005,AF.23,203,1
2005,K.85,338,2
2006,BW.89,98,1
2005,BW.89,80,1
2005,BW.102,4,0
2006,BW.102,3,0
2007,BW.102,6,0
2005,BO.9,444,1
2005,K.22,403,4
2005,AL.9,167,1
2006,BM.16,103,1
2005,BM.16,115,0
2006,AL.90,469,1
2005,X.21,536,1
2006,BW.186,14,0
2005,AX.6,82,0
2007,AZ.33,50,0
2005,Y.39,87,0
2005,AZ.4,42,0
2006,BW.135,61,0
2005,BW.135,69,0
2007,BN.1,6,0
2006,BO.84,198,0
2005,BO.84,262,1
2005,BO.24,42,0
2005,L.59,705,5
2006,X.26,134,0
2005,AY.26,523,5
2005,Q.39,193,0
2007,D.22,71,0
2005,AH.91,87,1
2006,BH.16,324,0
2005,BH.16,405,4
2005,BW.21,205,0
2005,AQ.24,41,0
2005,BM.2,30,1
2006,BM.2,24,0
2006,BW.21,201,0
2006,AI.11,260,1
2007,BW.135,64,0
2005,AH.143,116,0
2005,BO.102,70,0
2006,BO.102,78,0
2006,I.1,82,0
2005,BM.20,43,1
2006,Y.46,107,0
2005,Q.12,25,0
2005,I.1,91,1
2005,BZ.26,300,5
2006,L.41,157,1
2005,L.41,133,0
2006,BG.14,246,1
2005,Q.20,21,0
2005,V.2,561,4
2005,AV.5,63,0
2006,AV.5,50,0
2005,U.5,28,0
2006,U.5,16,0
2005,Q.10,42,0
2006,Q.10,38,0
2006,AU.41,94,1
2006,BW.87,36,0
2005,BW.87,39,0
2005,AI.48,187,0
2005,R.8,134,0
2006,R.8,145,0
2005,Q.19,199,1
2005,U.9,7,0
2005,S.1,121,0
2006,AL.37,183,1
2005,BW.45,307,2
2005,BH.17,53,0
2006,BH.17,43,1
2006,K.25,180,2
2005,Z.45,199,0
2006,V.6,41,0
2005,BU.10,281,0
2005,AY.5,50,0
2006,AY.5,45,0
2005,Y.47,130,1
2005,AX.8,131,0
2005,L.19,113,1
2005,E.28,21,0
2006,E.28,23,0
2006,AN.14,276,1
2005,BW.61,706,2
2005,Z.10,16,0
2006,Z.10,15,0
2005,K.66,1531,8
2005,AH.86,156,1
2006,AH.86,185,1
2005,AH.129,4,0
2005,BW.27,189,0
2006,AX.8,99,1
2005,BC.1,72,0
2006,BC.1,66,0
2005,M.11,502,3
2005,AJ.114,776,4
2005,Z.40,187,0
2005,AH.9,59,0
2005,AH.3,141,1
2006,Z.45,162,0
2005,BG.7,105,0
2005,AH.33,203,1
2005,AZ.39,303,1
2005,AL.85,70,1
2006,AL.85,64,0
2005,BW.80,147,0
2006,BG.3,263,0
2006,Z.41,84,0
2005,AY.35,403,3
2005,BT.45,198,2
2005,BW.188,286,0
2006,AX.6,78,1
2006,BV.10,144,2
2005,AZ.12,43,0
2005,N.20,116,1
2006,N.20,113,2
2005,AC.5,369,2
2005,R.4,280,0
2005,AY.54,72,0
2006,AY.54,116,2
2006,AL.110,53,0
2005,BA.8,157,0
2006,AH.3,141,0
2005,AZ.15,114,1
2006,AZ.15,111,0
2005,BO.89,82,0
2006,BO.89,86,0
2006,P.7,99,0
2006,R.12,198,0
2006,P.27,37,0
2006,AL.67,200,1
2006,O.9,53,0
2006,AF.5,97,1
2005,BU.39,116,0
2005,AL.82,49,0
2006,AL.82,61,0
2006,BW.41,150,0
2005,BW.41,186,0
2005,AJ.106,28,0
2005,N.22,237,0
2005,AH.21,173,0
2006,AI.47,36,0
2006,AF.19,66,0
2005,BU.22,212,2
2005,X.18,18,0
2006,W.18,49,0
2006,AY.65,387,5
2007,R.8,126,0
2005,BO.51,22,0
2005,BW.84,25,0
2006,AZ.6,250,1
2005,AU.42,43,0
2005,AH.156,307,0
2005,BW.136,23,0
2006,BW.136,20,0
2007,BW.136,19,0
2006,BW.119,7,0
2007,BW.119,3,0
2007,AY.54,139,0
2005,BW.94,29,0
2006,P.11,40,0
2005,AU.12,181,4
2005,AE.1,4,0
2006,AE.1,4,0
2006,BT.18,213,0
2005,AH.65,189,1
2005,K.25,212,2
2006,BW.138,3,0
2005,BW.138,5,0
2007,AH.131,3,0
2006,AH.131,4,0
2006,BH.49,20,0
2007,BH.49,19,0
2005,BH.49,37,0
2006,AH.21,242,0
2005,AY.43,610,2
2005,BW.82,27,0
2006,BW.82,23,0
2006,BT.21,53,0
2005,AF.22,39,0
2006,AF.22,35,0
2007,AF.22,60,1
2005,R.19,158,1
2005,BP.22,200,0
2005,BV.1,63,0
2007,I.1,59,0
2005,AQ.40,169,2
2005,BF.4,35,0
2005,AG.7,18,0
2006,AG.7,23,0
2006,Z.30,13,0
2007,Z.30,10,0
2006,BU.22,147,1
2005,BV.2,90,0
2006,BV.2,78,0
2006,AQ.40,122,2
2006,AZ.39,292,3
2005,AH.38,163,0
2007,AH.140,5,0
2006,AH.140,4,0
2005,AH.140,2,0
2005,BU.23,83,0
2006,BU.23,64,1
2007,BU.23,46,0
2005,Y.45,80,1
2005,AQ.2,205,0
2005,Z.36,60,0
2006,BT.28,179,1
2005,AJ.94,16,0
2006,AJ.94,13,0
2005,AQ.28,146,0
2006,AQ.28,111,1
2005,BH.19,77,0
2006,BH.19,66,0
2007,BH.19,58,0
2005,Y.48,73,0
2005,R.39,194,3
2005,X.32,46,0
2005,W.9,380,2
2005,W.10,103,0
2005,AY.9,106,1
2005,AH.35,240,0
2006,AH.35,260,0
2005,AV.14,191,2
2006,AV.14,146,1
2005,BF.38,76,0
2006,D.24,172,1
2007,AL.52,109,1
2006,AL.52,81,0
2005,BG.10,16,0
2006,AH.91,128,1
2005,BV.26,88,0
2005,AL.51,132,0
2006,AL.51,414,1
2007,AL.51,560,1
2005,Q.13,10,0
2006,Q.13,9,1
2007,Q.13,6,0
2005,X.15,41,0
2006,X.15,34,0
2007,B.3,32,0
2006,AH.31,83,0
2005,AH.31,84,0
2005,AL.50,16,1
2006,AL.50,19,0
2007,AL.50,12,0
2006,AJ.106,24,0
2006,BW.14,27,0
2007,AH.86,195,1
2005,BG.20,6,0
2005,BT.74,6,0
2005,AL.84,16,0
2006,AL.84,20,0
2005,W.6,174,0
2005,L.34,168,1
2006,AL.58,49,0
2005,BW.118,25,0
2005,BF.28,130,1
2005,BO.82,114,0
2006,BT.24,30,0
2005,BT.24,30,0
2006,R.37,26,0
2006,AP.11,51,0
2007,AP.11,38,0
2005,X.6,34,0
2005,BA.1,65,0
2005,AJ.71,196,0
2005,BW.91,100,0
2006,BW.91,114,0
2006,R.39,174,1
2005,BZ.34,124,4
2005,BM.18,16,0
2006,BM.18,15,0
2007,BM.18,10,0
2005,E.4,5,0
2006,E.4,6,0
2006,L.34,122,0
2005,AU.64,133,0
2006,BO.96,41,0
2005,BO.96,44,0
2005,AY.36,396,3
2007,BW.78,2,0
2005,AY.2,88,1
2005,AH.61,26,0
2006,X.34,42,0
2005,B.2,36,0
2006,B.2,31,0
2006,U.7,200,0
2005,AJ.12,77,0
2006,AJ.12,69,3
2006,E.17,13,0
2006,E.24,5,0
2005,E.24,2,0
2006,BA.6,12,0
2005,BA.6,2,0
2006,BT.74,11,0
2005,AY.59,24,0
2006,AY.59,29,0
2007,AY.59,44,0
2005,AH.90,14,0
2006,AH.90,21,0
2006,BW.46,30,0
2005,AX.5,60,0
2005,G.3,160,2
2005,BG.17,52,0
2007,BW.109,24,0
2006,AQ.24,52,0
2006,B.3,35,0
2005,B.3,35,0
2005,BF.6,203,1
2007,AH.3,148,1
2006,AL.53,69,0
2007,BB.1,18,0
2007,AQ.41,7,0
2006,AQ.41,7,0
2005,AU.30,185,4
2005,BO.94,60,0
2005,BO.76,33,0
2006,AI.18,42,0
2007,AI.18,47,0
2005,AI.18,54,0
2005,AL.52,27,0
2007,X.34,58,0
2005,I.35,63,0
2006,I.35,94,0
2006,BH.40,6,0
2005,BH.40,6,0
2006,R.42,227,0
2005,BH.5,14,0
2005,BZ.4,231,1
2006,BW.84,19,1
2006,BW.25,94,0
2007,BT.41,22,0
2006,BT.41,18,0
2006,BL.1,96,0
2005,BL.1,97,0
2005,N.19,179,2
2005,AY.6,78,0
2005,AY.17,120,0
2006,AY.17,86,0
2005,BW.14,23,0
2005,AF.5,57,0
2005,AH.159,17,1
2006,AH.159,15,0
2007,AH.159,16,0
2006,BH.46,43,0
2005,BH.46,55,0
2007,AH.31,83,1
2005,AZ.33,68,0
2006,AZ.33,61,1
2005,AZ.9,38,0
2007,Z.21,34,0
2007,Q.18,191,1
2007,CB.2,19,0
2006,CB.2,14,0
2006,CB.7,19,0
2005,CB.7,17,0
2007,E.24,15,0
2006,E.23,56,0
2005,E.23,24,0
2007,E.23,74,0
2005,X.34,12,0
2005,BO.91,37,0
2006,K.38,25,0
2007,K.38,27,0
2006,AZ.9,38,0
2007,BW.87,37,0
2005,BH.48,13,0
2005,BS.1,61,0
2006,BS.1,42,0
2007,BS.1,39,0
2006,E.8,12,0
2005,E.8,9,0
2005,R.34,93,0
2005,BW.44,26,1
2006,BW.44,24,0
2005,AI.3,69,0
2006,AI.3,53,0
2005,BT.22,51,0
2006,BT.22,54,0
2007,BT.22,54,0
2005,BW.35,54,1
2007,BA.6,33,1
2005,Z.12,16,0
2007,L.34,93,0
2006,AJ.25,17,0
2006,BF.6,146,1
2006,AT.1,50,0
2005,BT.9,18,0
2006,BT.9,17,0
2006,AQ.43,89,0
2005,Y.22,104,0
2005,AD.4,36,0
2005,AY.62,37,0
2005,AH.66,29,0
2006,R.4,246,0
2006,BG.17,55,0
2006,AY.6,69,0
2005,AR.6,23,0
2005,I.32,129,1
2006,I.32,194,0
2005,G.7,90,0
2006,G.7,80,0
2005,AI.28,4,0
2006,AI.28,2,0
2005,Z.21,63,0
2006,Z.21,43,0
2006,AJ.82,27,0
2006,BW.94,23,0
2005,E.5,33,0
2006,E.5,28,0
2006,N.19,154,0
2005,R.11,84,0
2006,R.11,58,0
2006,BW.88,36,0
2005,BW.88,30,0
2005,AO.24,7,0
2006,AO.24,6,0
2006,AH.55,36,0
2005,BW.85,23,0
2006,BW.85,17,0
2007,BW.85,24,0
2005,AY.44,167,1
2007,BG.20,10,0
2006,BG.20,7,0
2005,BM.1,38,0
2007,BH.6,5,0
2005,BT.46,130,0
2005,AG.2,45,0
2006,AI.7,8,1
2007,AI.7,6,0
2005,BG.13,121,0
2006,BG.13,121,1
2007,BG.13,117,0
2005,BV.29,19,0
2006,BV.29,18,0
2005,V.5,13,0
2006,V.5,7,0
2005,BW.99,12,1
2005,BO.97,7,0
2005,AU.19,19,0
2006,AU.19,19,0
2005,Q.4,19,0
2006,Q.4,19,0
2007,Q.4,14,0
2005,BG.5,50,0
2007,AY.6,53,1
2005,BW.147,6,0
2005,Z.19,31,0
2006,Z.19,18,0
2007,Z.19,15,0
2006,BK.1,14,0
2007,BK.1,13,0
2005,BK.1,13,0
2005,AM.3,19,0
2006,BO.19,7,0
2007,BO.19,6,0
2005,BO.19,6,0
2006,X.5,24,0
2005,AQ.6,45,0
2006,AQ.6,30,0
2005,F.1,57,0
2005,AL.19,70,0
2006,AL.41,24,0
2005,AL.41,25,0
2005,AJ.118,1,0
2006,Q.18,89,0
2006,BM.17,15,0
2005,BM.17,21,0
2007,AJ.63,11,0
2005,AY.38,223,0
2006,AY.38,239,3
2005,AL.47,142,1
2007,AH.90,30,1
2005,R.16,161,1
2006,BF.34,42,3
2007,BF.34,31,0
2005,BF.34,70,0
2006,AR.22,21,0
2005,AR.22,21,0
2005,BL.2,25,0
2006,AV.6,436,1
2006,E.9,58,0
2007,CB.8,8,0
2007,E.6,15,0
2005,E.6,9,0
2006,E.6,8,0
2006,BF.28,99,1
2005,L.10,19,0
2007,BL.1,87,0
2005,AQ.33,29,0
2005,AE.10,13,0
2006,AE.10,20,0
2005,U.6,6,0
2005,AL.21,134,2
2005,AQ.37,21,0
2005,E.27,6,0
2006,E.27,8,0
2007,E.27,14,0
2006,BW.70,100,0
2005,BW.70,70,0
2005,AQ.9,41,0
2006,U.1,6,0
2005,U.1,6,0
2006,AQ.33,30,0
2006,BV.26,56,0
2006,BZ.32,110,1
2006,AY.62,39,0
2005,BT.41,15,0
2005,BM.6,10,0
2005,BA.4,2,0
2006,BF.7,73,0
2006,BW.142,7,0
2005,L.55,54,0
2005,AD.3,67,0
2005,BZ.38,40,0
2006,L.53,14,0
2005,L.53,16,0
2005,Q.9,9,0
2005,AU.61,18,0
2006,AU.61,14,0
2006,AH.128,3,0
2005,E.3,12,0
2006,E.3,8,0
2006,Y.16,103,0
2005,BH.24,102,0
2005,AE.3,9,0
2006,AE.3,10,0
2007,AE.3,8,0
2005,AL.44,90,0
2005,X.53,160,0
2006,X.53,112,0
2005,BW.11,2,0
2006,BW.11,1,0
2007,BW.11,1,0
2007,W.17,57,0
2005,AH.12,11,0
2006,G.3,107,0
2006,BW.188,313,3
2005,BV.25,51,0
2006,BV.25,32,0
2005,AY.69,62,0
2006,AY.69,54,0
2007,AY.69,46,0
2005,AJ.102,25,0
2005,BF.2,14,0
2006,BF.2,18,0
2006,AY.9,79,0
2006,X.18,12,0
2006,AX.5,41,0
2005,AH.72,15,0
2005,BW.73,33,0
2006,BW.73,46,0
2007,BW.73,47,0
2005,AH.55,31,0
2007,AE.1,2,0
2005,AQ.43,37,0
2005,BF.30,66,0
2007,BA.13,3,0
2007,AR.7,26,0
2006,AR.7,26,0
2006,AJ.16,24,1
2005,AE.7,16,0
2006,AE.7,13,0
2006,AM.3,15,0
2007,BF.19,27,0
2006,BF.19,3,0
2005,BH.15,11,0
2006,BH.15,11,0
2007,L.41,160,0
2005,P.16,83,0
2006,AH.61,21,0
2007,AH.61,25,0
2005,AE.5,29,0
2006,AL.99,44,0
2006,AR.4,18,0
2007,K.8,137,0
2005,BU.8,30,0
2006,AE.5,15,1
2007,I.25,265,1
2005,I.25,117,0
2005,BM.3,15,0
2006,BM.3,14,0
2006,AH.87,20,0
2007,AH.87,23,0
2005,AH.87,14,0
2005,AY.3,45,0
2007,BH.15,8,0
2005,R.36,40,0
2006,BZ.38,41,0
2006,AH.42,86,0
2005,AH.42,45,0
2007,AV.12,77,0
2006,AL.19,77,0
2005,AP.11,56,0
2007,X.47,40,0
2005,L.45,11,0
2006,L.45,10,0
2007,AT.1,42,0
2006,BP.10,17,0
2007,AL.41,13,0
2007,AJ.16,24,0
2006,BH.36,8,0
2007,BH.36,4,0
2006,Q.5,5,0
2006,AQ.37,17,0
2007,AQ.37,14,0
2006,BW.146,2,0
2006,AJ.63,16,0
2006,BF.32,126,1
2006,AR.32,33,0
2007,Q.17,36,0
2006,AH.62,15,0
2007,AH.62,14,0
2006,AH.72,13,0
2007,BF.21,62,1
2007,M.4,23,0
2006,BW.139,1,0
2007,BW.139,1,0
2007,BT.6,10,0
2007,AI.30,10,0
2007,K.49,56,0
2006,R.16,139,0
2007,R.16,113,0
2006,AD.4,25,0
2006,AL.18,76,0
2006,AQ.9,36,1
2007,BV.29,18,0
2005,L.8,14,0
2006,BH.41,3,0
2005,BH.41,6,0
2007,L.45,5,0
2007,AH.66,27,0
2006,AH.66,26,0
2006,AZ.12,39,0
2005,AP.8,4,0
2006,AP.8,6,0
2007,AZ.15,94,1
2005,AZ.25,37,0
2006,AZ.25,41,0
2007,BW.108,25,0
2006,AY.60,28,0
2007,AY.60,44,0
2005,AY.60,21,0
2007,AT.2,9,0
2005,AT.2,13,0
2006,AT.2,11,0
2005,BG.18,35,0
2006,BG.18,29,0
2005,BO.30,17,0
2005,BF.32,61,2
2007,AE.10,16,0
2007,AU.67,48,0
2007,Q.9,14,0
2007,AR.19,15,0
2007,AU.52,4,0
2007,R.11,51,0
2007,BU.12,6,0
2007,BO.96,42,0
2007,AZ.12,47,0
2007,L.53,12,0
2007,AL.80,6,0
2007,Q.44,4,0
2007,AM.5,6,0
2007,BG.18,36,0
2005,AY.18,46,0
2006,AY.18,39,0
2006,AY.12,67,0
2006,Z.36,53,0
2005,AY.12,70,0
2006,BU.12,4,0
2007,K.94,47,1
2006,R.36,24,0
2006,BV.32,61,0
2007,G.7,64,0
2005,BB.1,15,0
2006,BB.1,17,0
2007,AL.58,46,0
2005,CB.3,8,0
2006,CB.3,10,0
2007,CB.3,11,0
2005,AH.78,46,0
2006,AH.78,42,1
2006,F.1,45,0
2005,BH.4,22,0
2006,BH.4,22,0
2007,BH.4,18,0
2007,Q.5,3,0
2007,AI.47,60,1
2007,BW.98,17,0
2007,AJ.125,41,0
2007,Q.10,24,0
2007,BW.146,1,0
2007,BW.182,21,0
2007,AR.6,9,0
2006,AH.60,50,0
2007,L.11,3,0
2006,BW.29,36,0
2007,AH.72,8,0
2007,AM.2,5,0
2006,AM.2,8,0
2006,Q.44,3,0
2007,AE.5,16,0
2005,BZ.2,33,0
2006,BZ.2,106,1
2006,AM.5,8,0
2007,AQ.33,27,0
2006,BO.30,20,0
2007,BO.30,17,0
2006,AI.30,10,0
2005,AZ.31,5,0
2006,AZ.31,6,0
2007,F.1,30,0
2005,AJ.57,2,0
2006,AJ.57,4,0
2007,AJ.57,6,0
2005,Q.5,4,0
2005,D.5,9,0
2006,D.5,7,0
2007,D.5,5,0
2007,AQ.29,7,0
2007,BF.1,3,0
2007,AP.9,8,0
2005,AP.9,16,0
2005,Z.41,108,1
2005,AR.4,15,0
2007,AR.4,10,0
2007,AZ.9,30,0
2005,Q.47,11,0
2007,R.36,21,0
2006,BO.97,10,0
2005,AJ.91,11,0
2006,AJ.91,13,0
2005,AR.7,38,0
2005,AU.65,35,0
2006,AU.65,32,0
2007,AG.8,22,0
2007,BW.46,24,0
2007,E.17,11,0
2007,AG.2,70,1
2007,AU.65,20,0
2007,AI.32,1,0
2006,AI.32,1,0
2006,BM.13,11,0
2007,BM.13,7,0
2007,AZ.25,34,0
2007,AR.22,16,0
2006,BW.182,7,0
2007,E.15,8,0
2006,AM.6,2,0
2007,AM.6,2,0
2007,BW.142,13,0
2006,AF.25,32,0
2007,AF.25,40,0
2006,AG.2,62,0
2006,BZ.40,6,0
2005,AK.1,3,0
2006,AK.1,4,0
2007,AJ.102,26,0
2006,AJ.102,25,0
2005,BQ.2,18,0
2006,BQ.2,12,0
2007,BQ.2,11,0
2007,BH.46,26,0
2007,BG.11,18,0
2005,AI.30,17,0
2005,R.37,34,0
2007,U.5,16,0
2005,BG.1,15,0
2006,BG.1,16,1
2007,BG.1,22,0
2005,AH.60,37,0
2006,BT.40,27,0
2006,B.1,7,0
2007,Q.47,7,0
2006,BG.6,3,0
2006,BW.147,6,0
2007,BW.147,11,1
2006,AL.92,22,0
2006,P.25,88,1
2007,BA.2,16,0
2007,X.53,67,1
2007,BO.97,7,0
2007,AJ.75,6,0
2006,AJ.75,8,0
2006,BH.3,9,0
2007,BH.3,10,0
2006,Q.47,12,0
2006,AP.6,3,0
2006,AM.4,10,0
2007,AM.4,8,0
2006,AU.21,9,0
2007,AU.21,8,0
2007,AP.8,2,0
2006,BT.32,20,0
2007,BT.32,24,0
2007,AL.99,42,0
2007,AH.53,10,0
2007,K.67,35,0
2007,BW.138,5,0
2007,BO.26,6,0
2007,R.51,12,0
2006,P.8,53,0
2006,BA.15,15,0
2007,BH.17,31,0
2006,BH.6,5,0
2006,AH.84,11,0
2007,AH.84,8,0
2006,BO.26,6,0
2006,AZ.40,4,0
2007,AZ.40,3,0
2006,Z.14,8,0
2007,B.1,7,0
2007,AJ.25,15,1
2006,AJ.56,13,1
2007,AJ.56,12,0
2007,C.1,3,0
2007,AL.84,17,0
2006,AP.9,11,0
2006,R.5,2,0
2007,R.5,2,0
2006,AI.49,16,0
2006,AZ.4,24,0
2007,R.37,18,0
2006,L.11,2,0
2006,AE.2,14,0
2007,BG.8,28,0
2005,BT.40,26,0
2006,BH.5,9,0
2007,BH.5,6,0
2005,BO.99,5,0
2005,BA.2,16,0
2006,BA.2,12,0
2005,BW.185,10,0
2007,AU.70,8,0
2005,BL.3,22,0
2006,BL.3,26,0
2007,BL.3,30,0
2007,E.3,13,0
2007,AS.1,13,0
2005,BA.10,5,0
2006,BA.10,6,0
2007,BA.10,6,0
2005,BO.26,8,0
2006,E.15,6,0
2005,AJ.66,1,0
2006,AJ.66,1,0
2007,K.27,4,0
2007,BT.9,17,0
2007,BM.6,6,0
2007,AM.10,1,0
2006,BF.21,6,0
2006,AR.34,6,0
2007,AR.34,6,0
2007,AG.7,25,0
2006,BT.5,6,0
2007,BT.5,6,0
2007,V.5,3,0
2007,AY.12,46,0
2006,AB.2,1,0
2007,AB.2,1,0
2007,AZ.4,13,0
2006,R.38,11,0
2007,R.38,9,0
2007,BG.10,14,0
2007,AM.3,13,0
2007,AF.3,33,0
2007,E.2,2,0
2007,AJ.22,8,0
2007,X.51,1,0
2007,AY.52,22,0
2007,BM.3,11,0
2006,AY.15,7,1
2007,AY.15,9,0
2007,U.6,6,0
2006,R.51,12,0
2006,BW.71,20,0
2007,BW.71,16,0
2006,U.6,4,0
2006,R.35,1,0
2007,R.35,2,0
2007,AH.11,7,0
2007,AY.61,7,0
2006,BN.1,4,0
2006,Q.25,12,0
2006,AL.80,3,0
2006,AH.11,6,0
2007,Q.35,19,0
2006,BU.25,1,0
2007,BU.25,2,0
2006,AM.9,6,0
2007,AM.9,4,0
2007,X.18,11,0
2006,AR.23,3,0
2007,AR.23,2,0
2006,I.6,1,0
2007,I.6,1,0
2007,CB.7,24,1
2007,AI.28,3,0
2007,E.16,8,0
2006,AS.1,11,0
2007,P.29,9,1
2006,AG.8,26,0
2007,AH.95,3,0
2007,AH.112,3,0
2007,AG.5,3,0
2007,BA.15,13,0
2006,C.1,2,0
2006,AY.52,13,0
2006,BA.4,2,0
2007,BA.4,1,0
2006,AJ.22,8,0
2007,BT.74,12,0
2005,BT.6,7,0
2006,BT.6,7,0
2005,AJ.22,6,0
2007,Z.24,1,0
2006,AF.3,29,0
2005,AF.3,23,0
2005,BA.15,11,0
2005,R.51,10,0
2005,AQ.29,9,0
2005,AJ.16,12,0
2005,BA.7,2,0
2006,BA.7,2,0
2007,BA.7,1,0
2005,AL.66,18,0
2005,AG.8,26,0
2005,BH.6,6,0
2005,AG.6,2,0
2006,AG.6,1,0
2007,AG.6,1,0
2005,BW.29,41,0
2005,AH.62,21,0
2005,A.2,5,0
2005,BT.5,4,0
2005,AJ.63,16,0
2005,AJ.107,1,0
2005,AN.3,17,0
2005,AJ.56,10,1
2005,AM.9,7,0
2005,I.4,3,0
2006,I.4,2,0
2007,I.4,3,0
2005,AY.27,20,1
2007,Z.10,15,0
2005,BT.32,18,0
2005,AJ.100,12,0
2005,AP.5,14,0
2006,AP.5,12,0
2007,AP.5,8,0
2006,BG.10,14,0
2005,AL.18,65,0
2005,AF.25,23,0
2006,Q.20,15,0
2005,BW.182,1,0
2005,AF.13,2,0
2006,AF.13,2,0
2007,AF.13,2,0
2006,CB.8,4,0
2005,AJ.25,11,0
2005,BF.1,8,0
2005,AU.21,8,0
2005,AH.95,2,0
2006,AH.95,3,0
2005,AR.23,4,0
2006,AJ.119,4,0
2006,Q.9,11,0
2005,AQ.41,3,0
2007,BM.8,1,0
2006,BM.8,1,0
2005,CA.4,1,0
2006,CA.4,2,0
2007,CA.4,2,0
2005,AR.19,16,0
2006,AR.19,13,0
2005,AJ.75,6,0
2005,V.8,1,0
2006,AH.53,8,0
2006,AR.6,14,0
2005,AM.5,13,0
2005,AS.1,6,0
2005,BH.3,10,0
2007,Z.17,2,0
2006,BF.1,6,0
2005,AE.2,17,0
2007,AH.128,2,0
2005,BW.142,2,0
2005,X.5,18,0
2007,AJ.96,1,0
2005,X.51,2,0
2007,BQ.9,1,0
2005,AM.2,9,0
2006,AQ.29,8,0
2005,CA.2,1,0
2006,CA.2,1,0
2007,AJ.119,1,0
2005,Z.15,4,0
2005,AH.131,4,0
2005,AP.6,6,0
2007,AO.24,3,0
2006,V.8,1,0
2005,R.5,6,0
2005,AZ.40,4,0
2007,BW.86,3,0
2005,BW.86,6,0
2006,BW.86,4,0
2005,AO.14,2,0
2005,AY.15,8,0
2006,BH.48,5,0
2007,BH.48,3,0
2005,AY.52,4,0
2007,AJ.45,1,0
2006,AJ.45,1,0
2005,AJ.45,1,0
2005,AR.10,8,0
2005,AU.62,1,0
2006,AU.62,2,0
2007,AU.62,3,0
2005,AH.99,1,0
2006,AH.99,1,0
2005,BM.13,8,0
2007,AP.6,1,0
2007,BW.128,1,0
2007,U.1,4,0
2005,BW.71,18,0
2005,L.12,1,0
2006,L.12,1,0
2007,L.12,1,0
2005,BW.119,6,0
2005,G.2,1,0
2006,G.2,1,0
2007,AH.114,1,0
2005,E.1,1,0
2006,E.1,1,0
2007,E.1,1,0
2007,BQ.3,1,0
2006,D.17,4,0
2005,AR.34,4,0
2005,BA.13,3,0
2006,BA.13,1,0
2005,E.17,1,0
2005,BH.42,1,0
2005,BH.44,2,0
2006,U.2,1,0
2005,AB.2,3,0
2005,AK.2,3,0
2006,AK.2,3,0
2007,AK.2,2,0
2005,BN.1,2,0
2007,AG.4,2,0
2007,X.7,1,0
2007,R.9,1,0
2005,AI.7,6,0
2005,E.15,3,0
2005,BO.92,6,0
2007,BO.99,2,0
2005,CA.1,2,0
2007,AH.13,1,0
2007,A.2,6,0
2006,A.2,4,0
2006,BM.6,9,0
2005,BO.22,1,0
2006,BO.22,1,0
2007,BO.22,1,0
2005,AH.82,31,0
2005,AH.53,5,0
2005,AH.11,4,0
2005,L.25,3,0
2005,K.27,3,0
2005,BF.23,6,0
2006,BF.23,1,0
2007,AQ.1,1,0
2007,AU.53,3,0
2006,AJ.27,6,0
2007,AJ.118,1,0
2005,Q.44,2,0
2005,AH.84,8,0
2006,Q.46,3,0
2007,Q.46,3,0
2005,Q.46,6,0
2005,Q.18,5,0
2007,BH.41,2,0
2006,H.1,4,0
2007,H.1,4,0
2005,AR.31,8,0
2005,AE.4,2,0
2005,AY.61,5,1
2005,BH.36,8,0
2006,AH.112,2,0
2005,AH.112,2,0
2006,K.27,2,0
2006,BO.99,3,0
2005,H.1,2,0
2007,L.25,1,0
2006,L.25,2,0
2006,AY.61,7,0
2006,AH.129,2,0
2006,AR.31,1,0
2006,AU.52,4,0
2007,BW.123,1,0
2007,V.8,1,0
2006,D.18,1,0
2005,AL.80,1,0
2005,AU.53,1,0
2006,AU.53,2,0
2005,AI.32,1,0
2007,Z.18,1,0
2007,X.14,2,0
2005,BU.12,6,0
2005,AJ.119,3,0
2005,AH.117,1,0
2005,L.16,1,0
2006,L.16,1,0
2005,L.11,2,0
2005,C.1,2,0
2005,BU.25,1,0
2005,AM.1,1,0
2006,AM.1,1,0
2005,AU.52,4,0
2005,AQ.19,1,0
2005,BH.43,1,0
2005,A.3,1,0
2006,A.3,1,0
2006,CA.1,1,0
2005,AM.7,1,0
2006,AM.7,1,0
2007,AM.7,1,0
2007,BU.37,1,0
2005,AH.128,3,0
2005,AE.6,2,0
2006,AE.6,1,0
2007,AE.6,2,0
2007,CB.6,1,0
2005,BU.32,1,0
2006,BU.32,1,0
2007,BU.32,1,0
2006,BG.8,1,0
2007,CA.5,1,0
2006,CA.5,1,0
2005,CA.5,1,0
2005,J.5,1,0
2006,J.5,1,0
2005,CB.8,1,0
2005,AQ.1,1,0
2005,AJ.96,1,0
2005,AJ.51,1,0
2006,AJ.51,1,0
2005,BQ.6,1,0
2006,BQ.6,1,0
